order_id,order_code,order_type,freight_long,freight_width,freight_high,freight_volume,freight_weight,freight_number,order_noticed,send_province_code,send_province_name,send_city_code,send_city_name,send_area_code,send_area_name,send_address,send_address_lng,send_address_lat,receive_province_code,receive_province_name,receive_city_code,receive_city_name,receive_area_code,receive_area_name,receive_address,receive_address_lng,receive_address_lat,goods_type,order_delivery_status,order_end_time,sign_date,status,create_user,create_time,update_user,update_time
1,AJ25081816153500003,0,0,0,0,12.05,5091.64,539,0,,,,,,,,,,42.0,湖北省,4201.0,武汉市,420112.0,东西湖区,湖北省武汉市东西湖区金山南路京东嘉逸仓储物流园3号库一楼（新通路武汉京喜仓）,114.0683098,30.64163077,,1.0,,,0.0,admin,2025-08-18 16:15:35,admin,2025-08-19 10:35:19
2,AJ25081816153500004,0,0,0,0,0.62,276.0,15,0,,,,,,,,,,42.0,湖北省,4201.0,武汉市,420103.0,江汉区,武汉市江汉区解放大道690号武汉国际广场负一层,114.2777095,30.58474234,,1.0,,,0.0,admin,2025-08-18 16:15:35,admin,2025-08-19 10:35:19
3,AJ25081816153500005,0,0,0,0,0.68,257.6,19,0,,,,,,,,,,42.0,湖北省,4201.0,武汉市,420102.0,江岸区,惠济路2号,114.2947456,30.61218389,,1.0,,,0.0,admin,2025-08-18 16:15:35,admin,2025-08-19 10:35:19
4,AJ25081816153500006,0,0,0,0,0.01,3.17,1,0,,,,,,,,,,42.0,湖北省,4201.0,武汉市,420104.0,硚口区,1023越秀中百生活剧场武汉市硚口区中山大道1号星汇维港购物中心F1,114.2563056,30.57487061,,1.0,,,0.0,admin,2025-08-18 16:15:35,admin,2025-08-19 10:35:19
5,AJ25081816153500007,0,0,0,0,0.23,105.2,7,0,,,,,,,,,,42.0,湖北省,4201.0,武汉市,420112.0,东西湖区,东西湖吴家山,114.1599958,30.63512335,,1.0,,,0.0,admin,2025-08-18 16:15:35,admin,2025-08-19 10:35:19
6,AJ25081816153500008,0,0,0,0,0.03,12.0,1,0,,,,,,,,,,42.0,湖北省,4201.0,武汉市,420102.0,江岸区,武汉江岸后湖街世纪花园,114.2731715,30.61355212,,1.0,,,0.0,admin,2025-08-18 16:15:35,admin,2025-08-19 10:35:19
7,AJ25081816153500009,0,0,0,0,0.04,5.98,1,0,,,,,,,,,,42.0,湖北省,4201.0,武汉市,420103.0,江汉区,湖北省武汉市江汉区新华路38号越秀·国际金融汇中百仓储越秀国金店,114.2848327,30.5936667,,1.0,,,0.0,admin,2025-08-18 16:15:35,admin,2025-08-19 10:35:19
8,AJ25081816153500010,0,0,0,0,0.07,27.4,3,0,,,,,,,,,,42.0,湖北省,4201.0,武汉市,420102.0,江岸区,惠济路2号,114.2947456,30.61218389,,1.0,,,0.0,admin,2025-08-18 16:15:35,admin,2025-08-19 10:35:19
9,AJ25081816153500011,0,0,0,0,0.01,6.1,2,0,,,,,,,,,,42.0,湖北省,4201.0,武汉市,420104.0,硚口区,武汉市硚口区解放大道48号,114.2065993,30.60083717,,1.0,,,0.0,admin,2025-08-18 16:15:35,admin,2025-08-19 10:35:19
10,AJ25081816153500012,0,0,0,0,0.17,76.2,6,0,,,,,,,,,,42.0,湖北省,4201.0,武汉市,420102.0,江岸区,惠济路2号,114.2947456,30.61218389,,1.0,,,0.0,admin,2025-08-18 16:15:35,admin,2025-08-19 10:35:19
11,AJ25081816153500013,0,0,0,0,0.02,5.13,1,0,,,,,,,,,,42.0,湖北省,4201.0,武汉市,420106.0,武昌区,1030首义路购物广场武汉市武昌区紫阳路268号88059490,114.3155739,30.53751391,,1.0,,,0.0,admin,2025-08-18 16:15:35,admin,2025-08-19 10:35:19
12,AJ25081816153500014,0,0,0,0,0.09,36.0,3,0,,,,,,,,,,42.0,湖北省,4201.0,武汉市,420106.0,武昌区,武汉市武昌区友谊大道福星惠誉水岸国际F6漫时区,114.3306938,30.58066806,,0.0,,0000-00-00 00:00:00,0.0,admin,2025-08-18 16:15:35,admin,2025-08-20 11:10:16
13,AJ25081816153500015,0,0,0,0,0.11,48.0,2,0,,,,,,,,,,42.0,湖北省,4201.0,武汉市,420106.0,武昌区,武汉市武昌区武珞路598号,114.3472967,30.53494097,,1.0,,,0.0,admin,2025-08-18 16:15:35,admin,2025-08-19 10:42:23
14,AJ25081816153500016,0,0,0,0,0.23,37.92,6,0,,,,,,,,,,42.0,湖北省,4201.0,武汉市,420106.0,武昌区,湖北省武汉市武昌区水果湖街办事处中北路120号青鱼嘴,114.3558987,30.57018289,,1.0,,,0.0,admin,2025-08-18 16:15:35,admin,2025-08-19 10:42:23
15,AJ25081816153500017,0,0,0,0,0.06,7.19,1,0,,,,,,,,,,42.0,湖北省,4201.0,武汉市,420106.0,武昌区,湖北省武汉市武昌区中北路44-7号,114.3459334,30.55549497,,1.0,,,0.0,admin,2025-08-18 16:15:35,admin,2025-08-19 10:42:23
16,AJ25081816153500018,0,0,0,0,0.05,24.0,1,0,,,,,,,,,,42.0,湖北省,4201.0,武汉市,420106.0,武昌区,武珞路中南国际442号,114.3357125,30.54009285,,1.0,,,0.0,admin,2025-08-18 16:15:35,admin,2025-08-19 10:42:23
17,AJ25081816153500019,0,0,0,0,0.03,12.0,1,0,,,,,,,,,,42.0,湖北省,4201.0,武汉市,420106.0,武昌区,武珞路中南国际442号,114.3357125,30.54009285,,1.0,,,0.0,admin,2025-08-18 16:15:35,admin,2025-08-19 10:42:23
18,AJ25081816153500020,0,0,0,0,0.05,24.0,1,0,,,,,,,,,,42.0,湖北省,4201.0,武汉市,420106.0,武昌区,武汉市武昌区水果湖路19-21号,114.351862,30.55346458,,1.0,,,0.0,admin,2025-08-18 16:15:35,admin,2025-08-19 10:42:23
19,AJ25081816153500021,0,0,0,0,0.05,24.0,1,0,,,,,,,,,,42.0,湖北省,4201.0,武汉市,420106.0,武昌区,武汉市武昌区友谊大道福星惠誉水岸国际F6漫时区,114.3306938,30.58066806,,1.0,,,0.0,admin,2025-08-18 16:15:35,admin,2025-08-19 10:42:23
20,AJ25081816153500022,0,0,0,0,0.03,12.0,1,0,,,,,,,,,,42.0,湖北省,4201.0,武汉市,420106.0,武昌区,武汉市武昌区沙湖南路特1号,114.319487,30.56321949,,1.0,,,0.0,admin,2025-08-18 16:15:35,admin,2025-08-19 10:42:23
21,AJ25081816153600023,0,0,0,0,0.03,12.0,1,0,,,,,,,,,,42.0,湖北省,4201.0,武汉市,420112.0,东西湖区,武汉市东西湖区环湖路43号武汉恒大城市,114.1758124,30.66673442,,1.0,,,0.0,admin,2025-08-18 16:15:36,admin,2025-08-19 10:42:23
22,AJ25081816153600024,0,0,0,0,0.02,12.2,3,0,,,,,,,,,,42.0,湖北省,4201.0,武汉市,420112.0,东西湖区,武汉市东西湖区环湖路43号武汉恒大城市,114.1758124,30.66673442,,0.0,,,0.0,admin,2025-08-18 16:15:36,admin,2025-08-19 10:35:19
23,AJ25081816153600025,0,0,0,0,2.62,520.87,49,0,,,,,,,,,,42.0,湖北省,4201.0,武汉市,,黄陂区,汉口北华中温州包装工业园16栋6楼（周末休息）,114.321724,30.70540354,,0.0,,,0.0,admin,2025-08-18 16:15:36,admin,2025-08-19 10:35:19
24,AJ25081816153600026,0,0,0,0,29.78,13222.9,1346,0,,,,,,,,,,42.0,湖北省,4201.0,武汉市,420111.0,洪山区,湖北省武汉市洪山区青菱乡白沙洲四路长征工业园D-32,114.2747151,30.48807987,,0.0,,,0.0,admin,2025-08-18 16:15:36,admin,2025-08-19 10:35:19
25,AJ25081816153600027,0,0,0,0,16.73,2005.56,376,0,,,,,,,,,,42.0,湖北省,4201.0,武汉市,420114.0,蔡甸区,湖北省武汉市蔡甸区九康大道96号（武桥重工梅洛特物流园）,114.05366,30.47552067,,0.0,,,0.0,admin,2025-08-18 16:15:36,admin,2025-08-19 10:35:19
26,AJ25081816153600028,0,0,0,0,1.06,343.0,70,0,,,,,,,,,,42.0,湖北省,4201.0,武汉市,420114.0,蔡甸区,湖北省武汉市蔡甸区九康大道96号（武桥重工梅洛特物流园）,114.05366,30.47552067,,0.0,,,0.0,admin,2025-08-18 16:15:36,admin,2025-08-19 10:35:19
27,AJ25081816153600029,0,0,0,0,0.65,100.8,20,0,,,,,,,,,,42.0,湖北省,4201.0,武汉市,420114.0,蔡甸区,湖北省武汉市蔡甸区九康大道96号（武桥重工梅洛特物流园）,114.05366,30.47552067,,0.0,,,0.0,admin,2025-08-18 16:15:36,admin,2025-08-19 10:35:19
28,AJ25081816153600030,0,0,0,0,0.56,100.5,15,0,,,,,,,,,,42.0,湖北省,4201.0,武汉市,420114.0,蔡甸区,湖北省武汉市蔡甸区九康大道96号（武桥重工梅洛特物流园）,114.05366,30.47552067,,0.0,,,0.0,admin,2025-08-18 16:15:36,admin,2025-08-19 10:35:19
29,AJ25081816153600031,0,0,0,0,3.61,1539.4,145,0,,,,,,,,,,42.0,湖北省,4201.0,武汉市,420114.0,蔡甸区,湖北省武汉市蔡甸区千子山大道普洛斯物流园（永辉常温库大仓),114.0395834,30.45444369,,0.0,,,0.0,admin,2025-08-18 16:15:36,admin,2025-08-19 10:35:19
30,AJ25081816153600032,0,0,0,0,0.03,5.1,3,0,,,,,,,,,,42.0,湖北省,4201.0,武汉市,420114.0,蔡甸区,湖北省武汉市蔡甸区千子山大道普洛斯物流园（永辉常温库大仓),114.0395834,30.45444369,,0.0,,,0.0,admin,2025-08-18 16:15:36,admin,2025-08-19 10:35:19
31,AJ25081816153600033,0,0,0,0,2.25,1065.76,98,0,,,,,,,,,,42.0,湖北省,4201.0,武汉市,420114.0,蔡甸区,湖北省武汉市蔡甸区千子山大道普洛斯物流园（永辉常温库大仓),114.0395834,30.45444369,,0.0,,,0.0,admin,2025-08-18 16:15:36,admin,2025-08-19 10:35:19
32,AJ25081816153600034,0,0,0,0,0.25,97.8,8,0,,,,,,,,,,42.0,湖北省,4201.0,武汉市,420114.0,蔡甸区,湖北省武汉市蔡甸区千子山大道普洛斯物流园（永辉常温库大仓),114.0395834,30.45444369,,0.0,,,0.0,admin,2025-08-18 16:15:36,admin,2025-08-19 10:35:19
33,AJ25081816153600035,0,0,0,0,0.03,14.5,1,0,,,,,,,,,,42.0,湖北省,4201.0,武汉市,420114.0,蔡甸区,湖北省武汉市蔡甸区千子山大道普洛斯物流园（永辉常温库大仓),114.0395834,30.45444369,,0.0,,,0.0,admin,2025-08-18 16:15:36,admin,2025-08-19 10:35:19
34,AJ25081816153600036,0,0,0,0,0.85,269.29,41,0,,,,,,,,,,42.0,湖北省,4201.0,武汉市,420114.0,蔡甸区,湖北省武汉市蔡甸区千子山大道普洛斯物流园（永辉常温库大仓),114.0395834,30.45444369,,0.0,,,0.0,admin,2025-08-18 16:15:36,admin,2025-08-19 10:35:19
35,AJ25081816153600037,0,0,0,0,0.02,2.0,1,0,,,,,,,,,,42.0,湖北省,4201.0,武汉市,420114.0,蔡甸区,湖北省武汉市蔡甸区千子山大道普洛斯物流园（永辉常温库大仓),114.0395834,30.45444369,,0.0,,,0.0,admin,2025-08-18 16:15:36,admin,2025-08-19 10:35:19
36,AJ25081816153600038,0,0,0,0,1.09,545.44,92,0,,,,,,,,,,42.0,湖北省,4201.0,武汉市,420112.0,东西湖区,武汉市东西湖区惠安大道559号汉欧国际物流园3号4号库,114.0681322,30.61835194,,0.0,,,0.0,admin,2025-08-18 16:15:36,admin,2025-08-19 10:35:19
37,AJ25081816153600039,0,0,0,0,0.38,278.0,40,0,,,,,,,,,,42.0,湖北省,4201.0,武汉市,420112.0,东西湖区,武汉市东西湖区惠安大道559号汉欧国际物流园3号4号库,114.0681322,30.61835194,,0.0,,,0.0,admin,2025-08-18 16:15:36,admin,2025-08-19 10:35:19
38,AJ25081816153600040,0,0,0,0,0.9,141.42,25,0,,,,,,,,,,42.0,湖北省,4201.0,武汉市,420112.0,东西湖区,武汉市东西湖区惠安大道559号汉欧国际物流园3号4号库,114.0681322,30.61835194,,0.0,,,0.0,admin,2025-08-18 16:15:36,admin,2025-08-19 10:35:19
39,AJ25081816153600041,0,0,0,0,0.47,233.48,25,0,,,,,,,,,,42.0,湖北省,4201.0,武汉市,420112.0,东西湖区,湖北省武汉市东西湖区惠安大道与胡家六路交叉口盈石汉鑫顺物流园A3库,114.0683098,30.64163077,,0.0,,,0.0,admin,2025-08-18 16:15:36,admin,2025-08-19 10:35:19
40,AJ25081816153600042,0,0,0,0,1.49,207.0,46,0,,,,,,,,,,42.0,湖北省,4201.0,武汉市,420112.0,东西湖区,武汉市东西湖区惠安大道559号汉欧国际物流园3号4号库,114.0681322,30.61835194,,0.0,,,0.0,admin,2025-08-18 16:15:36,admin,2025-08-19 10:35:19
41,AJ25081816153600043,0,0,0,0,40.64,21023.54,2160,0,,,,,,,,,,42.0,湖北省,4201.0,武汉市,,黄陂区,湖北省武汉市黄陂区五里墩黄孝路198号合富高科现代产业园14栋1号,114.3542566,30.89911539,,0.0,,,0.0,admin,2025-08-18 16:15:36,admin,2025-08-19 10:35:19
42,AJ25081816153600044,0,0,0,0,1.16,432.0,40,0,,,,,,,,,,42.0,湖北省,4201.0,武汉市,,江夏区,湖北省武汉市江夏区庙山大道普洛斯物流园二期,114.3797389,30.35780415,,0.0,,,0.0,admin,2025-08-18 16:15:36,admin,2025-08-19 10:35:19
43,AJ25081816153600045,0,0,0,0,2.18,791.65,77,0,,,,,,,,,,42.0,湖北省,4201.0,武汉市,,江夏区,湖北省武汉市江夏区庙山大道普洛斯物流园二期,114.3797389,30.35780415,,0.0,,,0.0,admin,2025-08-18 16:15:36,admin,2025-08-19 10:35:19
44,AJ25081816153600046,0,0,0,0,3.32,1420.4,106,0,,,,,,,,,,42.0,湖北省,4201.0,武汉市,,江夏区,湖北省武汉市江夏区庙山大道普洛斯物流园二期,114.3797389,30.35780415,,0.0,,,0.0,admin,2025-08-18 16:15:36,admin,2025-08-19 10:35:19
45,AJ25081816153600047,0,0,0,0,1.34,598.3,64,0,,,,,,,,,,42.0,湖北省,4201.0,武汉市,,江夏区,湖北省武汉市江夏区庙山大道普洛斯物流园二期,114.3797389,30.35780415,,0.0,,,0.0,admin,2025-08-18 16:15:36,admin,2025-08-19 10:35:19
46,AJ25081816153600048,0,0,0,0,15.42,6356.9,583,0,,,,,,,,,,42.0,湖北省,4201.0,武汉市,,江夏区,湖北省武汉市江夏区庙山大道普洛斯物流园二期,114.3797389,30.35780415,,0.0,,,0.0,admin,2025-08-18 16:15:36,admin,2025-08-19 10:35:19
47,AJ25081816153600049,0,0,0,0,15.65,5489.16,597,0,,,,,,,,,,42.0,湖北省,4201.0,武汉市,,新洲区,湖北省武汉市新洲区新洲区汪集工业国际（京东自营武汉）,114.7164713,30.78473872,,0.0,,,0.0,admin,2025-08-18 16:15:36,admin,2025-08-19 10:35:19
48,AJ25081816153600050,0,0,0,0,0.14,76.02,12,0,,,,,,,,,,42.0,湖北省,4201.0,武汉市,,新洲区,湖北省武汉市新洲区新洲区汪集工业国际（京东自营武汉）,114.7164713,30.78473872,,0.0,,,0.0,admin,2025-08-18 16:15:36,admin,2025-08-19 10:35:19
49,AJ25081816153600051,0,0,0,0,0.22,90.3,7,0,,,,,,,,,,42.0,湖北省,4201.0,武汉市,420103.0,江汉区,武汉市江汉区新华下路422号,114.272879,30.63476614,,0.0,,,0.0,admin,2025-08-18 16:15:36,admin,2025-08-19 10:35:19
50,AJ25081816153600052,0,0,0,0,0.28,167.6,19,0,,,,,,,,,,42.0,湖北省,4201.0,武汉市,420103.0,江汉区,武汉市江汉区新华下路422号,114.272879,30.63476614,,0.0,,,0.0,admin,2025-08-18 16:15:36,admin,2025-08-19 10:35:19
51,AJ25081816153600053,0,0,0,0,0.03,12.0,1,0,,,,,,,,,,42.0,湖北省,4201.0,武汉市,420103.0,江汉区,武汉市江汉区新华下路422号,114.272879,30.63476614,,0.0,,,0.0,admin,2025-08-18 16:15:36,admin,2025-08-19 10:35:19
52,AJ25081816153600054,0,0,0,0,0.17,21.8,3,0,,,,,,,,,,42.0,湖北省,4201.0,武汉市,420102.0,江岸区,1044黄浦路购物广场武汉市江岸区黄埔大街218号82880881,114.3123908,30.62143131,,0.0,,,0.0,admin,2025-08-18 16:15:36,admin,2025-08-19 10:35:19
53,AJ25081816153600055,0,0,0,0,0.26,103.2,8,0,,,,,,,,,,42.0,湖北省,4201.0,武汉市,420103.0,江汉区,常青路168号,114.2462835,30.63196821,,0.0,,,0.0,admin,2025-08-18 16:15:36,admin,2025-08-19 10:35:19
54,AJ25081816153600056,0,0,0,0,0.03,12.0,1,0,,,,,,,,,,42.0,湖北省,4201.0,武汉市,420103.0,江汉区,常青路168号,114.2462835,30.63196821,,0.0,,,0.0,admin,2025-08-18 16:15:36,admin,2025-08-19 10:35:19
55,AJ25081816153600057,0,0,0,0,0.06,24.0,2,0,,,,,,,,,,42.0,湖北省,4201.0,武汉市,420102.0,江岸区,武汉市江岸区黄浦大街218号,114.3075614,30.62373763,,0.0,,,0.0,admin,2025-08-18 16:15:36,admin,2025-08-19 10:35:19
56,AJ25081816153700058,0,0,0,0,0.1,38.7,3,0,,,,,,,,,,42.0,湖北省,4201.0,武汉市,420102.0,江岸区,汉口花园二期,114.2771932,30.63820599,,0.0,,,0.0,admin,2025-08-18 16:15:37,admin,2025-08-19 10:35:19
57,AJ25081816153700059,0,0,0,0,1.29,592.95,53,0,,,,,,,,,,42.0,湖北省,4201.0,武汉市,420103.0,江汉区,常青路168号,114.2462835,30.63196821,,0.0,,,0.0,admin,2025-08-18 16:15:37,admin,2025-08-19 10:35:19
58,AJ25081816153700060,0,0,0,0,0.03,12.0,1,0,,,,,,,,,,42.0,湖北省,4201.0,武汉市,420111.0,洪山区,雄楚大道与民族大道交汇处,114.4034008,30.49841195,,0.0,,,0.0,admin,2025-08-18 16:15:37,admin,2025-08-19 10:35:19
59,AJ25081816153700061,0,0,0,0,0.16,64.5,5,0,,,,,,,,,,42.0,湖北省,4201.0,武汉市,420111.0,洪山区,雄楚大道与民族大道交汇处,114.4034008,30.49841195,,0.0,,,0.0,admin,2025-08-18 16:15:37,admin,2025-08-19 10:35:19
60,AJ25081816153700062,0,0,0,0,0.68,76.53,12,0,,,,,,,,,,42.0,湖北省,4201.0,武汉市,,江夏区,湖北省武汉市江夏区高新五路58号,114.4560658,30.45196419,,0.0,,,0.0,admin,2025-08-18 16:15:37,admin,2025-08-19 10:35:19
61,AJ25081816153700063,0,0,0,0,0.03,12.0,1,0,,,,,,,,,,42.0,湖北省,4201.0,武汉市,420111.0,洪山区,珞瑜路78号,114.3608286,30.60067315,,0.0,,,0.0,admin,2025-08-18 16:15:37,admin,2025-08-19 10:35:19
62,AJ25081816153700064,0,0,0,0,0.16,22.89,4,0,,,,,,,,,,42.0,湖北省,4201.0,武汉市,420111.0,洪山区,1054关山光谷购物广场武汉市洪山区珞喻路78号87781707,114.3649437,30.53091418,,0.0,,,0.0,admin,2025-08-18 16:15:37,admin,2025-08-19 10:35:19
63,AJ25081816153700065,0,0,0,0,0.05,24.0,1,0,,,,,,,,,,42.0,湖北省,4201.0,武汉市,420111.0,洪山区,雄楚大道与民族大道交汇处,114.4034008,30.49841195,,0.0,,,0.0,admin,2025-08-18 16:15:37,admin,2025-08-19 10:35:19
64,AJ25081816153700066,0,0,0,0,0.15,72.0,3,0,,,,,,,,,,42.0,湖北省,4201.0,武汉市,,江夏区,江夏区藏龙岛光谷大道凤凰台特1号,114.4369148,30.43548526,,0.0,,,0.0,admin,2025-08-18 16:15:37,admin,2025-08-19 10:35:19
65,AJ25081816153700067,0,0,0,0,1.07,457.51,39,0,,,,,,,,,,42.0,湖北省,4201.0,武汉市,420111.0,洪山区,珞瑜路78号,114.3608286,30.60067315,,0.0,,,0.0,admin,2025-08-18 16:15:37,admin,2025-08-19 10:35:19
66,AJ25081816153700068,0,0,0,0,0.01,4.6,2,0,,,,,,,,,,42.0,湖北省,4201.0,武汉市,420111.0,洪山区,珞瑜路78号,114.3608286,30.60067315,,0.0,,,0.0,admin,2025-08-18 16:15:37,admin,2025-08-19 10:35:19
67,AJ25081816153700069,0,0,0,0,0.05,9.25,1,0,,,,,,,,,,42.0,湖北省,4201.0,武汉市,,江夏区,湖北省武汉市江夏区高新五路58号,114.4560658,30.45196419,,0.0,,,0.0,admin,2025-08-18 16:15:37,admin,2025-08-19 10:35:19
68,AJ25081816153700070,0,0,0,0,0.06,24.0,2,0,,,,,,,,,,42.0,湖北省,4201.0,武汉市,420111.0,洪山区,珞瑜路78号,114.3608286,30.60067315,,0.0,,,0.0,admin,2025-08-18 16:15:37,admin,2025-08-19 10:35:19
69,AJ25081816153700071,0,0,0,0,0.22,90.3,7,0,,,,,,,,,,42.0,湖北省,4201.0,武汉市,420111.0,洪山区,珞瑜路78号,114.3608286,30.60067315,,0.0,,,0.0,admin,2025-08-18 16:15:37,admin,2025-08-19 10:35:19
70,AJ25081816153700072,0,0,0,0,0.03,12.0,1,0,,,,,,,,,,42.0,湖北省,4201.0,武汉市,420114.0,蔡甸区,金家6号,114.0461618,30.57677471,,0.0,,,0.0,admin,2025-08-18 16:15:37,admin,2025-08-19 10:35:19
71,AJ25081816153700073,0,0,0,0,0.07,39.7,9,0,,,,,,,,,,42.0,湖北省,4201.0,武汉市,420114.0,蔡甸区,金家6号,114.0461618,30.57677471,,0.0,,,0.0,admin,2025-08-18 16:15:37,admin,2025-08-19 10:35:19
72,AJ25081816153700074,0,0,0,0,2.15,1036.4,50,0,,,,,,,,,,42.0,湖北省,4201.0,武汉市,420114.0,蔡甸区,湖北省武汉市蔡甸区千子山大道普洛斯物流园（永辉常温库大仓),114.0395834,30.45444369,,0.0,,,0.0,admin,2025-08-18 16:15:37,admin,2025-08-19 10:35:19
73,AJ25081816153700075,0,0,0,0,0.21,107.03,22,0,,,,,,,,,,42.0,湖北省,4201.0,武汉市,420114.0,蔡甸区,武汉市经济技术开发区东风大道518号,114.1681682,30.50281644,,0.0,,,0.0,admin,2025-08-18 16:15:37,admin,2025-08-19 10:35:19
74,AJ25081816153700076,0,0,0,0,0.06,24.0,2,0,,,,,,,,,,42.0,湖北省,4201.0,武汉市,420114.0,蔡甸区,武汉市经济技术开发区东风大道518号,114.1681682,30.50281644,,0.0,,,0.0,admin,2025-08-18 16:15:37,admin,2025-08-19 10:35:19
75,AJ25081816153700077,0,0,0,0,0.15,60.0,5,0,,,,,,,,,,42.0,湖北省,4201.0,武汉市,420114.0,蔡甸区,金家6号,114.0461618,30.57677471,,0.0,,,0.0,admin,2025-08-18 16:15:37,admin,2025-08-19 10:35:19
76,AJ25081816153700078,0,0,0,0,0.24,96.0,8,0,,,,,,,,,,42.0,湖北省,4201.0,武汉市,420114.0,蔡甸区,蔡甸区汉阳大街470号(区政府对面),114.0343294,30.58829316,,0.0,,,0.0,admin,2025-08-18 16:15:37,admin,2025-08-19 10:35:19
77,AJ25081816153700079,0,0,0,0,0.74,340.8,17,0,,,,,,,,,,42.0,湖北省,4201.0,武汉市,,黄陂区,双凤大道157号,114.3980628,30.87499012,,0.0,,,0.0,admin,2025-08-18 16:15:37,admin,2025-08-19 10:35:19
78,AJ25081816153700080,0,0,0,0,0.11,55.2,3,0,,,,,,,,,,42.0,湖北省,4201.0,武汉市,,黄陂区,双凤大道157号,114.3980628,30.87499012,,0.0,,,0.0,admin,2025-08-18 16:15:37,admin,2025-08-19 10:35:19
79,AJ25081816153700081,0,0,0,0,0.47,215.88,13,0,,,,,,,,,,42.0,湖北省,4201.0,武汉市,420112.0,东西湖区,武汉市东西湖区十八支沟,114.0881189,30.63116859,,0.0,,,0.0,admin,2025-08-18 16:15:37,admin,2025-08-19 10:35:19
80,AJ25081816153700082,0,0,0,0,0.59,138.18,21,0,,,,,,,,,,42.0,湖北省,4201.0,武汉市,420112.0,东西湖区,武汉市东西湖区惠安大道559号汉欧国际物流园3号4号库,114.0681322,30.61835194,,0.0,,,0.0,admin,2025-08-18 16:15:37,admin,2025-08-19 10:35:19
81,AJ25081816153700083,0,0,0,0,4.31,1155.07,139,0,,,,,,,,,,42.0,湖北省,4201.0,武汉市,420112.0,东西湖区,武汉市东西湖区惠安大道559号汉欧国际物流园3号4号库,114.0681322,30.61835194,,0.0,,,0.0,admin,2025-08-18 16:15:37,admin,2025-08-19 10:35:19
82,AJ25081816153700084,0,0,0,0,0.14,76.5,9,0,,,,,,,,,,42.0,湖北省,4201.0,武汉市,420112.0,东西湖区,武汉市东西湖区惠安大道559号汉欧国际物流园3号4号库,114.0681322,30.61835194,,0.0,,,0.0,admin,2025-08-18 16:15:37,admin,2025-08-19 10:35:19
83,AJ25081816153700085,0,0,0,0,0.06,9.8,2,0,,,,,,,,,,42.0,湖北省,4201.0,武汉市,,江夏区,湖北省武汉市江夏区旭光村菜鸟物流园2号库（猫超武汉仓）,114.1789034,30.34451505,,0.0,,,0.0,admin,2025-08-18 16:15:37,admin,2025-08-19 10:35:19
84,AJ25081816153700086,0,0,0,0,17.78,5361.8,751,0,,,,,,,,,,42.0,湖北省,4201.0,武汉市,,江夏区,湖北省武汉市江夏区旭光村菜鸟物流园2号库（猫超武汉仓）,114.1789034,30.34451505,,0.0,,,0.0,admin,2025-08-18 16:15:37,admin,2025-08-19 10:35:19
85,AJ25081816153700087,0,0,0,0,2.57,614.9,89,0,,,,,,,,,,42.0,湖北省,4201.0,武汉市,,江夏区,湖北省武汉市江夏区旭光村菜鸟物流园2号库（猫超武汉仓）,114.1789034,30.34451505,,0.0,,,0.0,admin,2025-08-18 16:15:37,admin,2025-08-19 10:35:19
86,AJ25081816153700088,0,0,0,0,49.49,19046.48,1836,0,,,,,,,,,,42.0,湖北省,4201.0,武汉市,,新洲区,湖北省武汉市新洲区新洲区汪集工业国际（京东自营武汉）,114.7164713,30.78473872,,0.0,,,0.0,admin,2025-08-18 16:15:37,admin,2025-08-19 10:35:19
87,AJ25081816153800089,0,0,0,0,0.62,461.7,81,0,,,,,,,,,,42.0,湖北省,4201.0,武汉市,,新洲区,湖北省武汉市新洲区新洲区汪集工业国际（京东自营武汉）,114.7164713,30.78473872,,0.0,,,0.0,admin,2025-08-18 16:15:38,admin,2025-08-19 10:35:19
88,AJ25081816153800090,0,0,0,0,0.96,335.6,29,0,,,,,,,,,,42.0,湖北省,4201.0,武汉市,420107.0,青山区,武商众圆生活馆,114.3827033,30.63238926,,0.0,,,0.0,admin,2025-08-18 16:15:38,admin,2025-08-19 10:35:19
89,AJ25081816153800091,0,0,0,0,0.03,12.0,1,0,,,,,,,,,,42.0,湖北省,4201.0,武汉市,420107.0,青山区,武汉市青山区青山沿港路5号,114.4108434,30.6437327,,0.0,,,0.0,admin,2025-08-18 16:15:38,admin,2025-08-19 10:35:19
90,AJ25081816153800092,0,0,0,0,0.05,24.0,1,0,,,,,,,,,,42.0,湖北省,4201.0,武汉市,420106.0,武昌区,徐东路20号,114.3586259,30.59082028,,0.0,,,0.0,admin,2025-08-18 16:15:38,admin,2025-08-19 10:35:19
91,AJ25081816153800093,0,0,0,0,0.19,24.48,3,0,,,,,,,,,,42.0,湖北省,4201.0,武汉市,420107.0,青山区,1005沿港路购物广场武汉市青山区沿港路86344873,114.4100026,30.64072179,,0.0,,,0.0,admin,2025-08-18 16:15:38,admin,2025-08-19 10:35:19
92,AJ25081816153800094,0,0,0,0,0.06,24.0,2,0,,,,,,,,,,42.0,湖北省,4201.0,武汉市,420107.0,青山区,武汉市青山区工业二路108街坊,114.402939,30.62805799,,0.0,,,0.0,admin,2025-08-18 16:15:38,admin,2025-08-19 10:35:19
93,AJ25081816153800095,0,0,0,0,0.03,12.0,1,0,,,,,,,,,,42.0,湖北省,4201.0,武汉市,420107.0,青山区,青山区钢都花园A3区,114.3702939,30.61660663,,0.0,,,0.0,admin,2025-08-18 16:15:38,admin,2025-08-19 10:35:19
94,AJ25081816153800096,0,0,0,0,0.03,12.0,1,0,,,,,,,,,,42.0,湖北省,4201.0,武汉市,,江夏区,江夏区纸坊镇兴新街158号,114.3202078,30.35390491,,0.0,,,0.0,admin,2025-08-18 16:15:38,admin,2025-08-19 10:35:19
95,AJ25081816153800097,0,0,0,0,0.03,12.0,1,0,,,,,,,,,,42.0,湖北省,4201.0,武汉市,,江夏区,纸坊镇文华路,114.4456391,30.49917393,,0.0,,,0.0,admin,2025-08-18 16:15:38,admin,2025-08-19 10:35:19
96,AJ25081816153800098,0,0,0,0,0.29,39.59,5,0,,,,,,,,,,42.0,湖北省,4201.0,武汉市,,江夏区,1179江夏中百广场店     武汉市江夏区纸坊镇区民政旁,114.3280238,30.37011599,,0.0,,,0.0,admin,2025-08-18 16:15:38,admin,2025-08-19 10:35:19
97,AJ25081816153800099,0,0,0,0,0.12,55.2,3,0,,,,,,,,,,42.0,湖北省,4201.0,武汉市,,江夏区,纸坊镇文华路,114.4456391,30.49917393,,0.0,,,0.0,admin,2025-08-18 16:15:38,admin,2025-08-19 10:35:19
98,AJ25081816153800100,0,0,0,0,2.52,424.0,40,0,,,,,,,,,,42.0,湖北省,4201.0,武汉市,,江夏区,武汉市江夏区郑店街黄金工业园远泽物流园1号库，停车靠台1-103 ,114.2599083,30.38155853,,0.0,,,0.0,admin,2025-08-18 16:15:38,admin,2025-08-19 10:35:19
99,AJ25081816153800101,0,0,0,0,0.12,48.0,4,0,,,,,,,,,,42.0,湖北省,4201.0,武汉市,,江夏区,纸坊镇文华路,114.4456391,30.49917393,,0.0,,,0.0,admin,2025-08-18 16:15:38,admin,2025-08-19 10:35:19
100,AJ25081816153800102,0,0,0,0,0.75,331.71,16,0,,,,,,,,,,42.0,湖北省,4201.0,武汉市,,江夏区,纸坊镇文华路,114.4456391,30.49917393,,0.0,,,0.0,admin,2025-08-18 16:15:38,admin,2025-08-19 10:35:19
101,AJ25081816153800103,0,0,0,0,0.03,12.0,1,0,,,,,,,,,,42.0,湖北省,4201.0,武汉市,420106.0,武昌区,武汉市武昌区水果湖路19-21号,114.351862,30.55346458,,0.0,,,0.0,admin,2025-08-18 16:15:38,admin,2025-08-19 10:35:19
102,AJ25081816153800104,0,0,0,0,0.04,4.36,1,0,,,,,,,,,,42.0,湖北省,4201.0,武汉市,420111.0,洪山区,1006水果湖购物广场武汉市洪山区水果湖横路87831931,114.3525669,30.55846426,,0.0,,,0.0,admin,2025-08-18 16:15:38,admin,2025-08-19 10:35:19
103,AJ25081816153800105,0,0,0,0,0.04,4.36,1,0,,,,,,,,,,42.0,湖北省,4201.0,武汉市,420106.0,武昌区,1012烽火店武汉市武昌区武泰闸经济适用房39-40号88164356,114.3563024,30.56399192,,0.0,,,0.0,admin,2025-08-18 16:15:38,admin,2025-08-19 10:35:19
104,AJ25081816153800106,0,0,0,0,0.99,436.4,23,0,,,,,,,,,,42.0,湖北省,4201.0,武汉市,420106.0,武昌区,武昌区水域天地小区,114.329332,30.50840502,,0.0,,,0.0,admin,2025-08-18 16:15:38,admin,2025-08-19 10:35:19
105,AJ25081816153800107,0,0,0,0,0.24,31.19,4,0,,,,,,,,,,42.0,湖北省,4201.0,武汉市,420106.0,武昌区,1078南湖购物广场武汉市武昌区图书城路与北港路交汇处87675610,114.3435743,30.50790905,,0.0,,,0.0,admin,2025-08-18 16:15:38,admin,2025-08-19 10:35:19
106,AJ25081816153800108,0,0,0,0,0.06,24.0,2,0,,,,,,,,,,42.0,湖北省,4201.0,武汉市,420106.0,武昌区,武昌区武太闸经济适用房39-40号楼,114.3563024,30.56399192,,0.0,,,0.0,admin,2025-08-18 16:15:38,admin,2025-08-19 10:35:19
107,AJ25081816153800109,0,0,0,0,0.12,48.0,4,0,,,,,,,,,,42.0,湖北省,4201.0,武汉市,420106.0,武昌区,武汉市武昌区图书城路与北港路交汇处,114.3225485,30.55956698,,0.0,,,0.0,admin,2025-08-18 16:15:38,admin,2025-08-19 10:35:19
108,AJ25081816153800110,0,0,0,0,0.11,16.44,2,0,,,,,,,,,,42.0,湖北省,4201.0,武汉市,420103.0,江汉区,1001唐家墩购物广场武汉市江汉区新华下路422号85607726,114.2774041,30.62655493,,0.0,,,0.0,admin,2025-08-18 16:15:38,admin,2025-08-19 10:35:19
109,AJ25081816153800111,0,0,0,0,0.03,12.0,1,0,,,,,,,,,,42.0,湖北省,4201.0,武汉市,420102.0,江岸区,武汉江岸后湖街世纪花园,114.2731715,30.61355212,,0.0,,,0.0,admin,2025-08-18 16:15:38,admin,2025-08-19 10:35:19
110,AJ25081816153800112,0,0,0,0,0.03,12.0,1,0,,,,,,,,,,42.0,湖北省,4201.0,武汉市,420103.0,江汉区,武汉市江汉区新华下路422号,114.272879,30.63476614,,0.0,,,0.0,admin,2025-08-18 16:15:38,admin,2025-08-19 10:35:19
111,AJ25081816153800113,0,0,0,0,0.08,8.64,1,0,,,,,,,,,,42.0,湖北省,4201.0,武汉市,420103.0,江汉区,1077常青路购物广场武汉市江汉区常青路168号85575089,114.2462835,30.63196821,,0.0,,,0.0,admin,2025-08-18 16:15:38,admin,2025-08-19 10:35:19
112,AJ25081816153800114,0,0,0,0,0.02,5.58,1,0,,,,,,,,,,42.0,湖北省,4201.0,武汉市,420112.0,东西湖区,金银湖路9号,114.2096911,30.63714207,,0.0,,,0.0,admin,2025-08-18 16:15:38,admin,2025-08-19 10:35:19
113,AJ25081816153800115,0,0,0,0,0.07,29.3,2,0,,,,,,,,,,42.0,湖北省,4201.0,武汉市,420103.0,江汉区,常青路168号,114.2462835,30.63196821,,0.0,,,0.0,admin,2025-08-18 16:15:38,admin,2025-08-19 10:35:19
114,AJ25081816153800116,0,0,0,0,0.29,35.95,5,0,,,,,,,,,,42.0,湖北省,4201.0,武汉市,420104.0,硚口区,1004古田路购物广场武汉市硚口区解放大道48号83832470,114.2065993,30.60083717,,0.0,,,0.0,admin,2025-08-18 16:15:38,admin,2025-08-19 10:35:19
115,AJ25081816153800117,0,0,0,0,0.03,12.0,1,0,,,,,,,,,,42.0,湖北省,4201.0,武汉市,420112.0,东西湖区,东西湖吴家山,114.1599958,30.63512335,,0.0,,,0.0,admin,2025-08-18 16:15:38,admin,2025-08-19 10:35:19
116,AJ25081816153800118,0,0,0,0,0.03,12.0,1,0,,,,,,,,,,42.0,湖北省,4201.0,武汉市,420112.0,东西湖区,武汉市东西湖区环湖路43号武汉恒大城市,114.1758124,30.66673442,,0.0,,,0.0,admin,2025-08-18 16:15:38,admin,2025-08-19 10:35:19
117,AJ25081816153800119,0,0,0,0,0.3,39.45,5,0,,,,,,,,,,42.0,湖北省,4201.0,武汉市,420112.0,东西湖区,1007吴家山购物广场武汉市东西湖区吴家山田园大道特1号  83250293,114.1165352,30.62734364,,0.0,,,0.0,admin,2025-08-18 16:15:38,admin,2025-08-19 10:35:19
118,AJ25081816153800120,0,0,0,0,0.62,241.74,20,0,,,,,,,,,,42.0,湖北省,4201.0,武汉市,420104.0,硚口区,武汉市硚口区解放大道48号,114.2065993,30.60083717,,0.0,,,0.0,admin,2025-08-18 16:15:38,admin,2025-08-19 10:35:19
119,AJ25081816153800121,0,0,0,0,0.03,12.0,1,0,,,,,,,,,,42.0,湖北省,4201.0,武汉市,420104.0,硚口区,武汉市硚口区解放大道48号,114.2065993,30.60083717,,0.0,,,0.0,admin,2025-08-18 16:15:38,admin,2025-08-19 10:35:19
120,AJ25081816153800122,0,0,0,0,1.0,377.3,29,0,,,,,,,,,,42.0,湖北省,4201.0,武汉市,420103.0,江汉区,汉口常青路43号,114.2584259,30.61270884,,0.0,,,0.0,admin,2025-08-18 16:15:38,admin,2025-08-19 10:35:19
121,AJ25081816153800123,0,0,0,0,0.01,5.3,1,0,,,,,,,,,,42.0,湖北省,4201.0,武汉市,420114.0,蔡甸区,湖北省武汉市蔡甸区千子山大道与白鹤泉东街交叉路口往西南约250米(武汉中豪工业园南侧约250米),114.0388286,30.45735842,,0.0,,,0.0,admin,2025-08-18 16:15:38,admin,2025-08-19 10:35:19
122,AJ25081816153800124,0,0,0,0,0.04,18.4,1,0,,,,,,,,,,42.0,湖北省,4201.0,武汉市,,,武汉市新洲区阳逻街东风路1号,114.5709435,30.66158585,,0.0,,,0.0,admin,2025-08-18 16:15:38,admin,2025-08-19 10:35:19
123,AJ25081816153800125,0,0,0,0,0.0,1.27,1,0,,,,,,,,,,42.0,湖北省,4201.0,武汉市,,黄陂区,武汉市黄陂区武湖街汉口北大道以南,114.3984348,30.7265356,,0.0,,,0.0,admin,2025-08-18 16:15:38,admin,2025-08-19 10:35:19
124,AJ25081816153800126,0,0,0,0,0.41,184.0,10,0,,,,,,,,,,42.0,湖北省,4201.0,武汉市,,,武汉市新洲区阳逻街东风路1号,114.5709435,30.66158585,,0.0,,,0.0,admin,2025-08-18 16:15:38,admin,2025-08-19 10:35:19
125,AJ25081816153800127,0,0,0,0,0.05,21.7,1,0,,,,,,,,,,42.0,湖北省,4201.0,武汉市,,黄陂区,武汉市黄陂区武湖街汉口北大道以南,114.3984348,30.7265356,,0.0,,,0.0,admin,2025-08-18 16:15:38,admin,2025-08-19 10:35:19
126,AJ25081816153900128,0,0,0,0,0.11,41.9,4,0,,,,,,,,,,42.0,湖北省,4201.0,武汉市,420111.0,洪山区,花城家园橘园41-1-B7,114.5227538,30.52955706,,0.0,,,0.0,admin,2025-08-18 16:15:39,admin,2025-08-19 10:35:19
127,AJ25081816153900129,0,0,0,0,0.12,43.2,5,0,,,,,,,,,,42.0,湖北省,4201.0,武汉市,420111.0,洪山区,花城家园橘园41-1-B7,114.5227538,30.52955706,,0.0,,,0.0,admin,2025-08-18 16:15:39,admin,2025-08-19 10:35:19
128,AJ25081816153900130,0,0,0,0,0.02,10.85,1,0,,,,,,,,,,42.0,湖北省,4201.0,武汉市,420111.0,洪山区,花城家园橘园41-1-B7,114.5227538,30.52955706,,0.0,,,0.0,admin,2025-08-18 16:15:39,admin,2025-08-19 10:35:19
129,AJ25081816153900131,0,0,0,0,0.29,132.48,9,0,,,,,,,,,,42.0,湖北省,4201.0,武汉市,420111.0,洪山区,花城家园橘园41-1-B7,114.5227538,30.52955706,,0.0,,,0.0,admin,2025-08-18 16:15:39,admin,2025-08-19 10:35:19
130,AJ25081816153900132,0,0,0,0,11.1,5126.7,458,0,,,,,,,,,,42.0,湖北省,4201.0,武汉市,420112.0,东西湖区,湖北省武汉市东西湖区新征路十八支沟长青街道(汉鹏物流）,114.3165737,30.54444613,,0.0,,,0.0,admin,2025-08-18 16:15:39,admin,2025-08-19 10:35:19
131,AJ25081816153900133,0,0,0,0,7.02,515.11,667,0,,,,,,,,,,42.0,湖北省,4201.0,武汉市,420112.0,东西湖区,武汉市东西湖区惠安大道559号汉欧国际物流园3号4号库,114.0681322,30.61835194,,0.0,,,0.0,admin,2025-08-18 16:15:39,admin,2025-08-19 10:35:19
132,AJ25081816153900134,0,0,0,0,0.75,368.0,20,0,,,,,,,,,,42.0,湖北省,4201.0,武汉市,,江夏区,湖北省武汉市江夏区黄家湖大道,114.3014753,30.3825956,,0.0,,,0.0,admin,2025-08-18 16:15:39,admin,2025-08-19 10:35:19
133,AJ25081816153900135,0,0,0,0,2.25,998.28,55,0,,,,,,,,,,42.0,湖北省,4201.0,武汉市,420112.0,东西湖区,武汉市东西湖区十八支沟,114.0881189,30.63116859,,0.0,,,0.0,admin,2025-08-18 16:15:39,admin,2025-08-19 10:35:19
134,AJ25081816153900136,0,0,0,0,1.14,171.14,22,0,,,,,,,,,,42.0,湖北省,4201.0,武汉市,420114.0,蔡甸区,1144蔡甸金家店武汉蔡甸金家新都汇店,114.0485709,30.57822312,,0.0,,,0.0,admin,2025-08-18 16:15:39,admin,2025-08-19 10:35:19
135,AJ25081816153900137,0,0,0,0,2.82,1321.0,110,0,,,,,,,,,,42.0,湖北省,4201.0,武汉市,420114.0,蔡甸区,湖北省武汉市蔡甸区九康大道96号（武桥重工梅洛特物流园）,114.05366,30.47552067,,0.0,,,0.0,admin,2025-08-18 16:15:39,admin,2025-08-19 10:35:19
136,AJ25081816153900138,0,0,0,0,0.21,30.23,3,0,,,,,,,,,,42.0,湖北省,4201.0,武汉市,420114.0,蔡甸区,1037蔡甸购物湖北省武汉市蔡甸区汉阳大街470号,114.0343294,30.58829316,,0.0,,,0.0,admin,2025-08-18 16:15:39,admin,2025-08-19 10:35:19
137,AJ25081816153900139,0,0,0,0,1.23,388.4,80,0,,,,,,,,,,42.0,湖北省,4201.0,武汉市,420114.0,蔡甸区,湖北省武汉市蔡甸区九康大道96号（武桥重工梅洛特物流园）,114.05366,30.47552067,,0.0,,,0.0,admin,2025-08-18 16:15:39,admin,2025-08-19 10:35:19
138,AJ25081816153900140,0,0,0,0,0.05,24.0,1,0,,,,,,,,,,42.0,湖北省,4201.0,武汉市,420114.0,蔡甸区,蔡甸区汉阳大街470号(区政府对面),114.0343294,30.58829316,,0.0,,,0.0,admin,2025-08-18 16:15:39,admin,2025-08-19 10:35:19
139,AJ25081816153900141,0,0,0,0,0.12,21.8,2,0,,,,,,,,,,42.0,湖北省,4201.0,武汉市,420114.0,蔡甸区,1144蔡甸金家店武汉蔡甸金家新都汇店,114.0485709,30.57822312,,0.0,,,0.0,admin,2025-08-18 16:15:39,admin,2025-08-19 10:35:19
140,AJ25081816153900142,0,0,0,0,0.12,48.0,4,0,,,,,,,,,,42.0,湖北省,4201.0,武汉市,420114.0,蔡甸区,武汉市经济技术开发区东风大道518号,114.1681682,30.50281644,,0.0,,,0.0,admin,2025-08-18 16:15:39,admin,2025-08-19 10:35:19
141,AJ25081816153900143,0,0,0,0,0.05,24.0,1,0,,,,,,,,,,42.0,湖北省,4201.0,武汉市,420111.0,洪山区,珞瑜路78号,114.3608286,30.60067315,,0.0,,,0.0,admin,2025-08-18 16:15:39,admin,2025-08-19 10:35:19
142,AJ25081816153900144,0,0,0,0,0.33,92.0,10,0,,,,,,,,,,42.0,湖北省,4201.0,武汉市,420111.0,洪山区,湖北省武汉市洪山区左岭新城2区,114.6210101,30.49578794,,0.0,,,0.0,admin,2025-08-18 16:15:39,admin,2025-08-19 10:35:19
143,AJ25081816153900145,0,0,0,0,0.46,203.98,19,0,,,,,,,,,,42.0,湖北省,4201.0,武汉市,420111.0,洪山区,珞瑜路78号,114.3608286,30.60067315,,0.0,,,0.0,admin,2025-08-18 16:15:39,admin,2025-08-19 10:35:19
144,AJ25081816153900146,0,0,0,0,0.01,6.0,1,0,,,,,,,,,,42.0,湖北省,4201.0,武汉市,420106.0,武昌区,锦绣龙城,114.3225485,30.55956698,,0.0,,,0.0,admin,2025-08-18 16:15:39,admin,2025-08-19 10:35:19
145,AJ25081816153900147,0,0,0,0,0.44,209.02,10,0,,,,,,,,,,42.0,湖北省,4201.0,武汉市,420111.0,洪山区,花城家园橘园41-1-B7,114.5227538,30.52955706,,0.0,,,0.0,admin,2025-08-18 16:15:39,admin,2025-08-19 10:35:19
146,AJ25081816153900148,0,0,0,0,0.02,9.0,1,0,,,,,,,,,,42.0,湖北省,4201.0,武汉市,420111.0,洪山区,雄楚大道与民族大道交汇处,114.4034008,30.49841195,,0.0,,,0.0,admin,2025-08-18 16:15:39,admin,2025-08-19 10:35:19
147,AJ25081816153900149,0,0,0,0,0.16,68.45,4,0,,,,,,,,,,42.0,湖北省,4201.0,武汉市,420106.0,武昌区,武昌胭脂路双柏小区6栋1-2楼,114.3155083,30.55436755,,0.0,,,0.0,admin,2025-08-18 16:15:39,admin,2025-08-19 10:35:19
148,AJ25081816153900150,0,0,0,0,0.07,30.0,3,0,,,,,,,,,,42.0,湖北省,4201.0,武汉市,420106.0,武昌区,武昌区紫阳路268号,114.3155739,30.53751391,,0.0,,,0.0,admin,2025-08-18 16:15:39,admin,2025-08-19 10:35:19
149,AJ25081816153900151,0,0,0,0,0.02,5.58,1,0,,,,,,,,,,42.0,湖北省,4201.0,武汉市,420106.0,武昌区,1030首义路购物广场武汉市武昌区紫阳路268号88059490,114.3155739,30.53751391,,0.0,,,0.0,admin,2025-08-18 16:15:39,admin,2025-08-19 10:35:19
150,AJ25081816153900152,0,0,0,0,0.17,21.57,3,0,,,,,,,,,,42.0,湖北省,4201.0,武汉市,420106.0,武昌区,1012烽火店武汉市武昌区武泰闸经济适用房39-40号88164356,114.3563024,30.56399192,,0.0,,,0.0,admin,2025-08-18 16:15:39,admin,2025-08-19 10:35:19
151,AJ25081816153900153,0,0,0,0,0.01,6.1,2,0,,,,,,,,,,42.0,湖北省,4201.0,武汉市,420106.0,武昌区,武汉市武昌区图书城路与北港路交汇处,114.3225485,30.55956698,,0.0,,,0.0,admin,2025-08-18 16:15:39,admin,2025-08-19 10:35:19
152,AJ25081816153900154,0,0,0,0,0.05,24.0,1,0,,,,,,,,,,42.0,湖北省,4201.0,武汉市,420106.0,武昌区,武昌区武太闸经济适用房39-40号楼,114.3563024,30.56399192,,0.0,,,0.0,admin,2025-08-18 16:15:39,admin,2025-08-19 10:35:19
153,AJ25081816153900155,0,0,0,0,0.05,24.0,1,0,,,,,,,,,,42.0,湖北省,4201.0,武汉市,420106.0,武昌区,武昌区紫阳路268号,114.3155739,30.53751391,,0.0,,,0.0,admin,2025-08-18 16:15:39,admin,2025-08-19 10:35:19
154,AJ25081816153900156,0,0,0,0,0.1,50.05,3,0,,,,,,,,,,42.0,湖北省,4201.0,武汉市,420106.0,武昌区,武昌胭脂路双柏小区6栋1-2楼,114.3155083,30.55436755,,0.0,,,0.0,admin,2025-08-18 16:15:39,admin,2025-08-19 10:35:19
155,AJ25081816153900157,0,0,0,0,0.13,13.24,2,0,,,,,,,,,,42.0,湖北省,4201.0,武汉市,420106.0,武昌区,1078南湖购物广场武汉市武昌区图书城路与北港路交汇处87675610,114.3435743,30.50790905,,0.0,,,0.0,admin,2025-08-18 16:15:39,admin,2025-08-19 10:35:19
156,AJ25081816153900158,0,0,0,0,0.05,24.0,1,0,,,,,,,,,,42.0,湖北省,4201.0,武汉市,420105.0,汉阳区,湖北省武汉市汉阳区邓甲村402号,114.2524027,30.55350097,,0.0,,,0.0,admin,2025-08-18 16:15:39,admin,2025-08-19 10:35:19
157,AJ25081816153900159,0,0,0,0,1.08,468.15,44,0,,,,,,,,,,42.0,湖北省,4201.0,武汉市,420114.0,蔡甸区,沌口体育中心斜对面湘隆广场,114.1745491,30.50316735,,0.0,,,0.0,admin,2025-08-18 16:15:39,admin,2025-08-19 10:35:19
158,AJ25081816153900160,0,0,0,0,0.1,15.93,2,0,,,,,,,,,,42.0,湖北省,4201.0,武汉市,420105.0,汉阳区,湖北省武汉市汉阳区琴台大道1066-5号,114.2135457,30.57845405,,0.0,,,0.0,admin,2025-08-18 16:15:39,admin,2025-08-19 10:35:19
159,AJ25081816153900161,0,0,0,0,0.29,35.95,5,0,,,,,,,,,,42.0,湖北省,4201.0,武汉市,420105.0,汉阳区,湖北省武汉市汉阳区琴台大道1066-5号,114.2135457,30.57845405,,0.0,,,0.0,admin,2025-08-18 16:15:39,admin,2025-08-19 10:35:19
160,AJ25081816153900162,0,0,0,0,0.57,71.89,10,0,,,,,,,,,,42.0,湖北省,4201.0,武汉市,420114.0,蔡甸区,1040沌口金凯购物广场武汉市武汉经济技术开发区东风大道518号 84296895,114.1681682,30.50281644,,0.0,,,0.0,admin,2025-08-18 16:15:39,admin,2025-08-19 10:35:19
161,AJ25081816153900163,0,0,0,0,0.51,73.58,7,0,,,,,,,,,,42.0,湖北省,4201.0,武汉市,420105.0,汉阳区,1192五龙路店武汉市汉阳区瑞园小区b1层,114.2584265,30.54611274,,0.0,,,0.0,admin,2025-08-18 16:15:39,admin,2025-08-19 10:35:19
162,AJ25081816153900164,0,0,0,0,0.78,0.38,51,0,,,,,,,,,,42.0,湖北省,4201.0,武汉市,420113.0,汉南区,通江四路菜鸟网络武汉汉南园区A3库一楼盒马B2C常温仓,114.0680942,30.28364158,,0.0,,,0.0,admin,2025-08-18 16:15:39,admin,2025-08-19 10:35:19
163,AJ25081816153900165,0,0,0,0,0.04,4.36,1,0,,,,,,,,,,42.0,湖北省,4201.0,武汉市,420105.0,汉阳区,湖北省武汉市汉阳区鹦鹉大道512号万福广场,114.2611806,30.52866482,,0.0,,,0.0,admin,2025-08-18 16:15:39,admin,2025-08-19 10:35:19
164,AJ25081816153900166,0,0,0,0,0.06,9.29,1,0,,,,,,,,,,42.0,湖北省,4201.0,武汉市,420114.0,蔡甸区,1040沌口金凯购物广场武汉市武汉经济技术开发区东风大道518号 84296895,114.1681682,30.50281644,,0.0,,,0.0,admin,2025-08-18 16:15:39,admin,2025-08-19 10:35:19
165,AJ25081816153900167,0,0,0,0,0.1,48.0,2,0,,,,,,,,,,42.0,湖北省,4201.0,武汉市,420102.0,江岸区,武汉市江岸区黄浦大街218号,114.3075614,30.62373763,,0.0,,,0.0,admin,2025-08-18 16:15:39,admin,2025-08-19 10:35:19
166,AJ25081816153900168,0,0,0,0,0.01,6.1,2,0,,,,,,,,,,42.0,湖北省,4201.0,武汉市,420103.0,江汉区,公安路中城国际1号楼,114.3050374,30.60056076,,0.0,,,0.0,admin,2025-08-18 16:15:39,admin,2025-08-19 10:35:19
167,AJ25081816154000169,0,0,0,0,0.03,12.0,1,0,,,,,,,,,,42.0,湖北省,4201.0,武汉市,420104.0,硚口区,中百越秀星汇,114.2563056,30.57487061,,0.0,,,0.0,admin,2025-08-18 16:15:40,admin,2025-08-19 10:35:19
168,AJ25081816154000170,0,0,0,0,0.27,120.0,5,0,,,,,,,,,,42.0,湖北省,4201.0,武汉市,420103.0,江汉区,武汉市江汉区新华下路422号,114.272879,30.63476614,,0.0,,,0.0,admin,2025-08-18 16:15:40,admin,2025-08-19 10:35:19
169,AJ25081816154000171,0,0,0,0,0.02,9.94,1,0,,,,,,,,,,42.0,湖北省,4201.0,武汉市,420103.0,江汉区,武汉市江汉区新华下路422号,114.272879,30.63476614,,0.0,,,0.0,admin,2025-08-18 16:15:40,admin,2025-08-19 10:35:19
170,AJ25081816154000172,0,0,0,0,0.03,12.0,1,0,,,,,,,,,,42.0,湖北省,4201.0,武汉市,420112.0,东西湖区,东西湖田园大道特1号,114.1599958,30.63512335,,0.0,,,0.0,admin,2025-08-18 16:15:40,admin,2025-08-19 10:35:19
171,AJ25081816154000173,0,0,0,0,0.09,36.0,3,0,,,,,,,,,,42.0,湖北省,4201.0,武汉市,420112.0,东西湖区,东西湖田园大道特1号,114.1599958,30.63512335,,0.0,,,0.0,admin,2025-08-18 16:15:40,admin,2025-08-19 10:35:19
172,AJ25081816154000174,0,0,0,0,0.16,55.2,4,0,,,,,,,,,,42.0,湖北省,4201.0,武汉市,420103.0,江汉区,武汉市江汉区解放大道690号武汉国际广场负一层,114.2777095,30.58474234,,0.0,,,0.0,admin,2025-08-18 16:15:40,admin,2025-08-19 10:35:19
173,AJ25081816154000175,0,0,0,0,0.05,21.7,1,0,,,,,,,,,,42.0,湖北省,4201.0,武汉市,420102.0,江岸区,武汉市江岸区黄浦大街218号,114.3075614,30.62373763,,0.0,,,0.0,admin,2025-08-18 16:15:40,admin,2025-08-19 10:35:19
174,AJ25081816154000176,0,0,0,0,0.05,24.0,1,0,,,,,,,,,,42.0,湖北省,4201.0,武汉市,420103.0,江汉区,武汉市江汉区新华下路422号,114.272879,30.63476614,,0.0,,,0.0,admin,2025-08-18 16:15:40,admin,2025-08-19 10:35:19
175,AJ25081816154000177,0,0,0,0,1.08,444.4,42,0,,,,,,,,,,42.0,湖北省,4201.0,武汉市,420103.0,江汉区,解放大道358号,114.2762983,30.58680386,,0.0,,,0.0,admin,2025-08-18 16:15:40,admin,2025-08-19 10:35:19
176,AJ25081816154000178,0,0,0,0,0.32,210.0,35,0,,,,,,,,,,42.0,湖北省,4201.0,武汉市,,江夏区,湖北省武汉市江夏区纸坊街大花岭2号大桥新区街道,114.3269227,30.37276212,,0.0,,,0.0,admin,2025-08-18 16:15:40,admin,2025-08-19 10:35:19
177,AJ25081816154000179,0,0,0,0,2.31,312.48,31,0,,,,,,,,,,42.0,湖北省,4201.0,武汉市,420104.0,硚口区,湖北省武汉市硚口区长丰万国汽车城东区7号楼A5东北方向26米,114.2062193,30.61863988,,0.0,,,0.0,admin,2025-08-18 16:15:40,admin,2025-08-19 10:35:19
178,AJ25081816154000180,0,0,0,0,4.67,519.45,73,0,,,,,,,,,,42.0,湖北省,4201.0,武汉市,420104.0,硚口区,湖北省武汉市硚口区长丰万国汽车城东区7号楼A5东北方向26米,114.2062193,30.61863988,,0.0,,,0.0,admin,2025-08-18 16:15:40,admin,2025-08-19 10:35:19
179,AJ25081816154000181,0,0,0,0,0.02,8.5,1,0,,,,,,,,,,42.0,湖北省,4201.0,武汉市,420112.0,东西湖区,武汉市东西湖区十八支沟,114.0881189,30.63116859,,0.0,,,0.0,admin,2025-08-18 16:15:40,admin,2025-08-19 10:35:19
180,AJ25081816154000182,0,0,0,0,0.06,20.4,2,0,,,,,,,,,,42.0,湖北省,4201.0,武汉市,420112.0,东西湖区,东西湖,114.1434587,30.62591982,,0.0,,,0.0,admin,2025-08-18 16:15:40,admin,2025-08-19 10:35:19
181,AJ25081816154000183,0,0,0,0,0.06,25.4,2,0,,,,,,,,,,42.0,湖北省,4201.0,武汉市,420112.0,东西湖区,武汉市东西湖区环湖路43号武汉恒大城市,114.1758124,30.66673442,,0.0,,,0.0,admin,2025-08-18 16:15:40,admin,2025-08-19 10:35:19
182,AJ25081816154000184,0,0,0,0,0.07,9.1,5,0,,,,,,,,,,42.0,湖北省,4201.0,武汉市,420114.0,蔡甸区,湖北省武汉市蔡甸区千子山大道普洛斯物流园（永辉常温库大仓),114.0395834,30.45444369,,0.0,,,0.0,admin,2025-08-18 16:15:40,admin,2025-08-19 10:35:19
183,AJ25081816154000185,0,0,0,0,0.12,40.8,4,0,,,,,,,,,,42.0,湖北省,4201.0,武汉市,420112.0,东西湖区,东西湖,114.1434587,30.62591982,,0.0,,,0.0,admin,2025-08-18 16:15:40,admin,2025-08-19 10:35:19
184,AJ25081816154000186,0,0,0,0,0.01,1.9,1,0,,,,,,,,,,42.0,湖北省,4201.0,武汉市,420112.0,东西湖区,武汉市东西湖区十八支沟,114.0881189,30.63116859,,0.0,,,0.0,admin,2025-08-18 16:15:40,admin,2025-08-19 10:35:19
185,AJ25081816154000187,0,0,0,0,0.45,159.7,15,0,,,,,,,,,,42.0,湖北省,4201.0,武汉市,,江夏区,武汉市江夏经济开发区庙山小区特1号,114.3285512,30.38156422,,0.0,,,0.0,admin,2025-08-18 16:15:40,admin,2025-08-19 10:35:19
186,AJ25081816154000188,0,0,0,0,20.15,8200.0,600,0,,,,,,,,,,42.0,湖北省,4201.0,武汉市,,江夏区,湖北省武汉市江夏区庙山开发区江夏大道17号附6号,114.3842085,30.41966382,,0.0,,,0.0,admin,2025-08-18 16:15:40,admin,2025-08-19 10:35:19
187,AJ25081816154000189,0,0,0,0,0.04,15.3,1,0,,,,,,,,,,42.0,湖北省,4201.0,武汉市,,江夏区,武汉市江夏经济开发区庙山小区特1号,114.3285512,30.38156422,,0.0,,,0.0,admin,2025-08-18 16:15:40,admin,2025-08-19 10:35:19
188,AJ25081816154000190,0,0,0,0,0.49,220.8,12,0,,,,,,,,,,42.0,湖北省,4201.0,武汉市,,江夏区,武汉市江夏经济开发区庙山小区特1号,114.3285512,30.38156422,,0.0,,,0.0,admin,2025-08-18 16:15:40,admin,2025-08-19 10:35:19
189,AJ25081816154000191,0,0,0,0,0.23,98.5,9,0,,,,,,,,,,42.0,湖北省,4201.0,武汉市,,江夏区,武汉市江夏经济开发区庙山小区特1号,114.3285512,30.38156422,,0.0,,,0.0,admin,2025-08-18 16:15:40,admin,2025-08-19 10:35:19
190,AJ25081816154000192,0,0,0,0,0.08,50.9,5,0,,,,,,,,,,42.0,湖北省,4201.0,武汉市,,江夏区,武汉市江夏经济开发区庙山小区特1号,114.3285512,30.38156422,,0.0,,,0.0,admin,2025-08-18 16:15:40,admin,2025-08-19 10:35:19
191,AJ25081816154000193,0,0,0,0,0.2,92.0,5,0,,,,,,,,,,42.0,湖北省,4201.0,武汉市,,江夏区,武汉市江夏经济开发区庙山小区特1号,114.3285512,30.38156422,,0.0,,,0.0,admin,2025-08-18 16:15:40,admin,2025-08-19 10:35:19
192,AJ25081816154000194,0,0,0,0,0.22,98.5,5,0,,,,,,,,,,42.0,湖北省,4201.0,武汉市,,江夏区,武汉市江夏经济开发区庙山小区特1号,114.3285512,30.38156422,,0.0,,,0.0,admin,2025-08-18 16:15:40,admin,2025-08-19 10:35:19
193,AJ25081816154000195,0,0,0,0,0.01,5.2,1,0,,,,,,,,,,42.0,湖北省,4201.0,武汉市,,江夏区,武汉市江夏经济开发区庙山小区特1号,114.3285512,30.38156422,,0.0,,,0.0,admin,2025-08-18 16:15:40,admin,2025-08-19 10:35:19
194,AJ25081816154000196,0,0,0,0,1.75,734.2,67,0,,,,,,,,,,42.0,湖北省,4201.0,武汉市,420114.0,蔡甸区,湖北省武汉市蔡甸区千子山大道普洛斯物流园（永辉常温库大仓),114.0395834,30.45444369,,0.0,,,0.0,admin,2025-08-18 16:15:40,admin,2025-08-19 10:35:19
195,AJ25081816154000197,0,0,0,0,0.03,22.4,2,0,,,,,,,,,,42.0,湖北省,4201.0,武汉市,420114.0,蔡甸区,湖北省武汉市蔡甸区千子山大道普洛斯物流园（永辉常温库大仓),114.0395834,30.45444369,,0.0,,,0.0,admin,2025-08-18 16:15:40,admin,2025-08-19 10:35:19
196,AJ25081816154000198,0,0,0,0,0.43,131.04,25,0,,,,,,,,,,42.0,湖北省,4201.0,武汉市,420114.0,蔡甸区,湖北省武汉市蔡甸区千子山大道普洛斯物流园（永辉常温库大仓),114.0395834,30.45444369,,0.0,,,0.0,admin,2025-08-18 16:15:40,admin,2025-08-19 10:35:19
197,AJ25081816154000199,0,0,0,0,0.04,20.94,3,0,,,,,,,,,,42.0,湖北省,4201.0,武汉市,420112.0,东西湖区,武汉市东西湖区惠安大道559号汉欧国际物流园3号4号库,114.0681322,30.61835194,,0.0,,,0.0,admin,2025-08-18 16:15:40,admin,2025-08-19 10:35:19
198,AJ25081816154000200,0,0,0,0,1.21,617.51,125,0,,,,,,,,,,42.0,湖北省,4201.0,武汉市,420112.0,东西湖区,武汉市东西湖区惠安大道559号汉欧国际物流园3号4号库,114.0681322,30.61835194,,0.0,,,0.0,admin,2025-08-18 16:15:40,admin,2025-08-19 10:35:19
199,AJ25081816154000201,0,0,0,0,1.48,288.09,41,0,,,,,,,,,,42.0,湖北省,4201.0,武汉市,420112.0,东西湖区,武汉市东西湖区惠安大道559号汉欧国际物流园3号4号库,114.0681322,30.61835194,,0.0,,,0.0,admin,2025-08-18 16:15:40,admin,2025-08-19 10:35:19
200,AJ25081816154000202,0,0,0,0,0.09,62.55,9,0,,,,,,,,,,42.0,湖北省,4201.0,武汉市,420112.0,东西湖区,武汉市东西湖区惠安大道559号汉欧国际物流园3号4号库,114.0681322,30.61835194,,0.0,,,0.0,admin,2025-08-18 16:15:40,admin,2025-08-19 10:35:19
201,AJ25081816154000203,0,0,0,0,0.09,69.5,10,0,,,,,,,,,,42.0,湖北省,4201.0,武汉市,420112.0,东西湖区,武汉市东西湖区惠安大道559号汉欧国际物流园3号4号库,114.0681322,30.61835194,,0.0,,,0.0,admin,2025-08-18 16:15:40,admin,2025-08-19 10:35:19
202,AJ25081816154000204,0,0,0,0,2.65,1179.16,115,0,,,,,,,,,,42.0,湖北省,4201.0,武汉市,420114.0,蔡甸区,湖北省武汉市蔡甸区千子山大道普洛斯物流园（永辉常温库大仓),114.0395834,30.45444369,,0.0,,,0.0,admin,2025-08-18 16:15:40,admin,2025-08-19 10:35:19
203,AJ25081816154000205,0,0,0,0,11.25,1800.0,300,0,,,,,,,,,,42.0,湖北省,4201.0,武汉市,420114.0,蔡甸区,湖北省武汉市蔡甸区九康大道96号（武桥重工梅洛特物流园）,114.05366,30.47552067,,0.0,,,0.0,admin,2025-08-18 16:15:40,admin,2025-08-19 10:35:19
204,AJ25081816154000206,0,0,0,0,6.58,1242.27,122,0,,,,,,,,,,42.0,湖北省,4201.0,武汉市,,黄陂区,汉口北卓尔云三号物流园,114.3058021,30.70667977,,0.0,,,0.0,admin,2025-08-18 16:15:40,admin,2025-08-19 10:35:19
205,AJ25081816154000207,0,0,0,0,0.1,48.0,2,0,,,,,,,,,,42.0,湖北省,4201.0,武汉市,420106.0,武昌区,武昌区后长街80号,114.3069283,30.54856067,,0.0,,,0.0,admin,2025-08-18 16:15:40,admin,2025-08-19 10:35:19
206,AJ25081816154100208,0,0,0,0,19.67,7396.96,739,0,,,,,,,,,,42.0,湖北省,4201.0,武汉市,420112.0,东西湖区,湖北省武汉市东西湖区八方路华信大楼4楼楼库,114.1313199,30.62037078,,0.0,,,0.0,admin,2025-08-18 16:15:41,admin,2025-08-19 10:35:19
207,AJ25081816154100209,0,0,0,0,7.27,3433.85,356,0,,,,,,,,,,42.0,湖北省,4201.0,武汉市,420112.0,东西湖区,湖北省武汉市东西湖区八方路华信大楼4楼楼库,114.1313199,30.62037078,,0.0,,,0.0,admin,2025-08-18 16:15:41,admin,2025-08-19 10:35:19
208,AJ25081816154100210,0,0,0,0,0.05,24.0,3,0,,,,,,,,,,42.0,湖北省,4201.0,武汉市,420106.0,武昌区,武昌区后长街80号,114.3069283,30.54856067,,0.0,,,0.0,admin,2025-08-18 16:15:41,admin,2025-08-19 10:35:19
209,AJ25081816154100211,0,0,0,0,10.82,4725.2,527,0,,,,,,,,,,42.0,湖北省,4201.0,武汉市,420112.0,东西湖区,湖北省武汉市东西湖区八方路华信大楼4楼楼库,114.1313199,30.62037078,,0.0,,,0.0,admin,2025-08-18 16:15:41,admin,2025-08-19 10:35:19
210,AJ25081816154100212,0,0,0,0,11.67,5069.99,469,0,,,,,,,,,,42.0,湖北省,4201.0,武汉市,420112.0,东西湖区,湖北省武汉市东西湖区八方路华信大楼4楼楼库,114.1313199,30.62037078,,0.0,,,0.0,admin,2025-08-18 16:15:41,admin,2025-08-19 10:35:19
211,AJ25081816154100213,0,0,0,0,5.93,2359.5,240,0,,,,,,,,,,42.0,湖北省,4201.0,武汉市,420112.0,东西湖区,湖北省武汉市东西湖区八方路华信大楼4楼楼库,114.1313199,30.62037078,,0.0,,,0.0,admin,2025-08-18 16:15:41,admin,2025-08-19 10:35:19
212,AJ25081816154100214,0,0,0,0,8.34,3445.8,352,0,,,,,,,,,,42.0,湖北省,4201.0,武汉市,420112.0,东西湖区,湖北省武汉市东西湖区八方路华信大楼4楼楼库,114.1313199,30.62037078,,0.0,,,0.0,admin,2025-08-18 16:15:41,admin,2025-08-19 10:35:19
213,AJ25081816154100215,0,0,0,0,20.31,8361.75,765,0,,,,,,,,,,42.0,湖北省,4201.0,武汉市,420112.0,东西湖区,湖北省武汉市东西湖区八方路华信大楼4楼楼库,114.1313199,30.62037078,,0.0,,,0.0,admin,2025-08-18 16:15:41,admin,2025-08-19 10:35:19
214,AJ25081816154100216,0,0,0,0,34.88,12553.36,1369,0,,,,,,,,,,42.0,湖北省,4201.0,武汉市,420112.0,东西湖区,湖北省武汉市东西湖区舵落口陶瓷仓库5栋1号,114.1132331,30.61856141,,0.0,,,0.0,admin,2025-08-18 16:15:41,admin,2025-08-19 10:35:19
215,AJ25081816154100217,0,0,0,0,1.43,662.85,68,0,,,,,,,,,,42.0,湖北省,4201.0,武汉市,,江夏区,湖北省武汉市江夏区庙山大道普洛斯物流园二期,114.3797389,30.35780415,,0.0,,,0.0,admin,2025-08-18 16:15:41,admin,2025-08-19 10:35:19
216,AJ25081816154100218,0,0,0,0,2.76,1130.4,90,0,,,,,,,,,,42.0,湖北省,4201.0,武汉市,,江夏区,湖北省武汉市江夏区庙山大道普洛斯物流园二期,114.3797389,30.35780415,,0.0,,,0.0,admin,2025-08-18 16:15:41,admin,2025-08-19 10:35:19
217,AJ25081816154100219,0,0,0,0,0.32,129.0,10,0,,,,,,,,,,42.0,湖北省,4201.0,武汉市,,江夏区,湖北省武汉市江夏区阳光大道阳光五路6号（武汉DC),114.3788834,30.3543486,,0.0,,,0.0,admin,2025-08-18 16:15:41,admin,2025-08-19 10:35:19
218,AJ25081816154100220,0,0,0,0,20.65,9230.8,759,0,,,,,,,,,,42.0,湖北省,4201.0,武汉市,,江夏区,湖北省武汉市江夏区庙山大道普洛斯物流园二期,114.3797389,30.35780415,,0.0,,,0.0,admin,2025-08-18 16:15:41,admin,2025-08-19 10:35:19
219,AJ25081816154100221,0,0,0,0,0.05,30.5,6,0,,,,,,,,,,42.0,湖北省,4201.0,武汉市,420107.0,青山区,武汉市青山区工业二路108街坊,114.402939,30.62805799,,0.0,,,0.0,admin,2025-08-18 16:15:41,admin,2025-08-19 10:35:19
220,AJ25081816154100222,0,0,0,0,0.37,141.4,11,0,,,,,,,,,,42.0,湖北省,4201.0,武汉市,420107.0,青山区,武商众圆生活馆,114.3827033,30.63238926,,0.0,,,0.0,admin,2025-08-18 16:15:41,admin,2025-08-19 10:35:19
221,AJ25081816154100223,0,0,0,0,0.38,43.2,5,0,,,,,,,,,,42.0,湖北省,4201.0,武汉市,420107.0,青山区,1015青山108街店武汉市青山区工业二路108街坊86858751,114.40295,30.63048332,,0.0,,,0.0,admin,2025-08-18 16:15:41,admin,2025-08-19 10:35:19
222,AJ25081816154100224,0,0,0,0,0.47,77.46,9,0,,,,,,,,,,42.0,湖北省,4201.0,武汉市,420107.0,青山区,1005沿港路购物广场武汉市青山区沿港路86344873,114.4100026,30.64072179,,0.0,,,0.0,admin,2025-08-18 16:15:41,admin,2025-08-19 10:35:19
223,AJ25081816154100225,0,0,0,0,1.25,511.8,45,0,,,,,,,,,,42.0,湖北省,4201.0,武汉市,420107.0,青山区,武商众圆生活馆,114.3827033,30.63238926,,0.0,,,0.0,admin,2025-08-18 16:15:41,admin,2025-08-19 10:35:19
224,AJ25081816154100226,0,0,0,0,0.04,11.0,1,0,,,,,,,,,,42.0,湖北省,4201.0,武汉市,420107.0,青山区,1005沿港路购物广场武汉市青山区沿港路86344873,114.4100026,30.64072179,,0.0,,,0.0,admin,2025-08-18 16:15:41,admin,2025-08-19 10:35:19
225,AJ25081816154100227,0,0,0,0,0.4,54.79,6,0,,,,,,,,,,42.0,湖北省,4201.0,武汉市,420107.0,青山区,1015青山108街店武汉市青山区工业二路108街坊86858751,114.40295,30.63048332,,0.0,,,0.0,admin,2025-08-18 16:15:41,admin,2025-08-19 10:35:19
226,AJ25081816154100228,0,0,0,0,0.54,282.25,25,0,,,,,,,,,,42.0,湖北省,4201.0,武汉市,420107.0,青山区,武汉市青山区青山沿港路5号,114.4108434,30.6437327,,0.0,,,0.0,admin,2025-08-18 16:15:41,admin,2025-08-19 10:35:19
227,AJ25081816154100229,0,0,0,0,0.01,6.1,2,0,,,,,,,,,,42.0,湖北省,4201.0,武汉市,420107.0,青山区,武汉市青山区工业二路108街坊,114.402939,30.62805799,,0.0,,,0.0,admin,2025-08-18 16:15:41,admin,2025-08-19 10:35:19
228,AJ25081816154100230,0,0,0,0,0.31,41.08,6,0,,,,,,,,,,42.0,湖北省,4201.0,武汉市,420106.0,武昌区,1081沙湖店武汉市武昌区沙湖南路特一号88705278,114.319487,30.56321949,,0.0,,,0.0,admin,2025-08-18 16:15:41,admin,2025-08-19 10:35:19
229,AJ25081816154100231,0,0,0,0,0.19,92.0,5,0,,,,,,,,,,42.0,湖北省,4201.0,武汉市,420106.0,武昌区,白沙洲五路1号万科金色城市,114.3225485,30.55956698,,0.0,,,0.0,admin,2025-08-18 16:15:41,admin,2025-08-19 10:35:19
230,AJ25081816154100232,0,0,0,0,0.28,41.6,8,0,,,,,,,,,,42.0,湖北省,4201.0,武汉市,420106.0,武昌区,武昌区中北路,114.3531351,30.56659665,,0.0,,,0.0,admin,2025-08-18 16:15:41,admin,2025-08-19 10:35:19
231,AJ25081816154100233,0,0,0,0,0.03,12.0,1,0,,,,,,,,,,42.0,湖北省,4201.0,武汉市,420106.0,武昌区,徐东路20号,114.3586259,30.59082028,,0.0,,,0.0,admin,2025-08-18 16:15:41,admin,2025-08-19 10:35:19
232,AJ25081816154100234,0,0,0,0,0.67,284.81,22,0,,,,,,,,,,42.0,湖北省,4201.0,武汉市,420107.0,青山区,武汉市青山区工业二路108街坊,114.402939,30.62805799,,0.0,,,0.0,admin,2025-08-18 16:15:41,admin,2025-08-19 10:35:19
233,AJ25081816154100235,0,0,0,0,0.01,6.0,1,0,,,,,,,,,,42.0,湖北省,4201.0,武汉市,420106.0,武昌区,武汉市武昌区沙湖南路特1号,114.319487,30.56321949,,0.0,,,0.0,admin,2025-08-18 16:15:41,admin,2025-08-19 10:35:19
234,AJ25081816154100236,0,0,0,0,0.05,9.25,1,0,,,,,,,,,,42.0,湖北省,4201.0,武汉市,420106.0,武昌区,1081沙湖店武汉市武昌区沙湖南路特一号88705278,114.319487,30.56321949,,0.0,,,0.0,admin,2025-08-18 16:15:41,admin,2025-08-19 10:35:19
235,AJ25081816154100237,0,0,0,0,0.56,68.44,9,0,,,,,,,,,,42.0,湖北省,4201.0,武汉市,420111.0,洪山区,1132秦园路店武汉市洪山区秦园居三角路村108号,114.3418576,30.59104187,,0.0,,,0.0,admin,2025-08-18 16:15:41,admin,2025-08-19 10:35:19
236,AJ25081816154100238,0,0,0,0,0.08,38.2,2,0,,,,,,,,,,42.0,湖北省,4201.0,武汉市,420102.0,江岸区,武汉市江岸区黄浦大街218号,114.3075614,30.62373763,,0.0,,,0.0,admin,2025-08-18 16:15:41,admin,2025-08-19 10:35:19
237,AJ25081816154100239,0,0,0,0,0.45,236.13,21,0,,,,,,,,,,42.0,湖北省,4201.0,武汉市,420102.0,江岸区,武汉市江岸区黄浦大街218号,114.3075614,30.62373763,,0.0,,,0.0,admin,2025-08-18 16:15:41,admin,2025-08-19 10:35:19
238,AJ25081816154100240,0,0,0,0,0.11,40.27,4,0,,,,,,,,,,42.0,湖北省,4201.0,武汉市,420102.0,江岸区,武汉市江岸区黄浦大街218号,114.3075614,30.62373763,,0.0,,,0.0,admin,2025-08-18 16:15:41,admin,2025-08-19 10:35:19
239,AJ25081816154100241,0,0,0,0,0.3,30.66,3,0,,,,,,,,,,42.0,湖北省,4201.0,武汉市,420102.0,江岸区,1044黄浦路购物广场武汉市江岸区黄埔大街218号82880881,114.3123908,30.62143131,,0.0,,,0.0,admin,2025-08-18 16:15:41,admin,2025-08-19 10:35:19
240,AJ25081816154100242,0,0,0,0,3.19,1484.5,110,0,,,,,,,,,,42.0,湖北省,4201.0,武汉市,420107.0,青山区,友谊大道与建设二路交汇处,114.3884981,30.62372324,,0.0,,,0.0,admin,2025-08-18 16:15:41,admin,2025-08-19 10:35:19
241,AJ25081816154100243,0,0,0,0,4.92,2198.61,106,0,,,,,,,,,,42.0,湖北省,4201.0,武汉市,420114.0,蔡甸区,蔡甸区汉阳大街470号(区政府对面),114.0343294,30.58829316,,0.0,,,0.0,admin,2025-08-18 16:15:41,admin,2025-08-19 10:35:19
242,AJ25081816154100244,0,0,0,0,0.04,18.4,1,0,,,,,,,,,,42.0,湖北省,4201.0,武汉市,420114.0,蔡甸区,蔡甸区汉阳大街470号(区政府对面),114.0343294,30.58829316,,0.0,,,0.0,admin,2025-08-18 16:15:41,admin,2025-08-19 10:35:19
243,AJ25081816154100245,0,0,0,0,0.05,18.4,1,0,,,,,,,,,,42.0,湖北省,4201.0,武汉市,420114.0,蔡甸区,蔡甸区汉阳大街470号(区政府对面),114.0343294,30.58829316,,0.0,,,0.0,admin,2025-08-18 16:15:41,admin,2025-08-19 10:35:19
244,AJ25081816154100246,0,0,0,0,2.03,884.5,40,0,,,,,,,,,,42.0,湖北省,4201.0,武汉市,420111.0,洪山区,花城家园橘园41-1-B7,114.5227538,30.52955706,,0.0,,,0.0,admin,2025-08-18 16:15:41,admin,2025-08-19 10:35:19
245,AJ25081816154200247,0,0,0,0,0.07,51.25,3,0,,,,,,,,,,42.0,湖北省,4201.0,武汉市,420111.0,洪山区,花城家园橘园41-1-B7,114.5227538,30.52955706,,0.0,,,0.0,admin,2025-08-18 16:15:42,admin,2025-08-19 10:35:19
246,AJ25081816154200248,0,0,0,0,0.19,28.11,3,0,,,,,,,,,,42.0,湖北省,4201.0,武汉市,420111.0,洪山区,1054关山光谷购物广场武汉市洪山区珞喻路78号87781707,114.3649437,30.53091418,,0.0,,,0.0,admin,2025-08-18 16:15:42,admin,2025-08-19 10:35:19
247,AJ25081816154200249,0,0,0,0,0.07,6.22,1,0,,,,,,,,,,42.0,湖北省,4201.0,武汉市,,江夏区,湖北省武汉市江夏区高新五路58号,114.4560658,30.45196419,,0.0,,,0.0,admin,2025-08-18 16:15:42,admin,2025-08-19 10:35:19
248,AJ25081816154200250,0,0,0,0,0.03,12.0,1,0,,,,,,,,,,42.0,湖北省,4201.0,武汉市,,江夏区,湖北省武汉市江夏区高新五路58号,114.4560658,30.45196419,,0.0,,,0.0,admin,2025-08-18 16:15:42,admin,2025-08-19 10:35:19
249,AJ25081816154200251,0,0,0,0,0.29,35.95,5,0,,,,,,,,,,42.0,湖北省,4201.0,武汉市,420111.0,洪山区,武汉市洪山区关山大道183号（光谷K11店）,114.4193074,30.49918576,,0.0,,,0.0,admin,2025-08-18 16:15:42,admin,2025-08-19 10:35:19
250,AJ25081816154200252,0,0,0,0,0.68,312.5,30,0,,,,,,,,,,42.0,湖北省,4201.0,武汉市,,江夏区,江夏区藏龙岛光谷大道凤凰台特1号,114.4369148,30.43548526,,0.0,,,0.0,admin,2025-08-18 16:15:42,admin,2025-08-19 10:35:19
251,AJ25081816154200253,0,0,0,0,0.74,99.0,21,0,,,,,,,,,,42.0,湖北省,4201.0,武汉市,420112.0,东西湖区,武汉市东西湖区惠安大道559号汉欧国际物流园3号4号库,114.0681322,30.61835194,,0.0,,,0.0,admin,2025-08-18 16:15:42,admin,2025-08-19 10:35:19
252,AJ25081816154200254,0,0,0,0,1.54,664.18,44,0,,,,,,,,,,42.0,湖北省,4201.0,武汉市,420112.0,东西湖区,武汉市东西湖区十八支沟,114.0881189,30.63116859,,0.0,,,0.0,admin,2025-08-18 16:15:42,admin,2025-08-19 10:35:19
253,AJ25081816154200255,0,0,0,0,0.08,19.74,3,0,,,,,,,,,,42.0,湖北省,4201.0,武汉市,420112.0,东西湖区,武汉市东西湖区惠安大道559号汉欧国际物流园3号4号库,114.0681322,30.61835194,,0.0,,,0.0,admin,2025-08-18 16:15:42,admin,2025-08-19 10:35:19
254,AJ25081816154200256,0,0,0,0,0.22,40.08,12,0,,,,,,,,,,42.0,湖北省,4201.0,武汉市,420112.0,东西湖区,武汉市东西湖区惠安大道559号汉欧国际物流园3号4号库,114.0681322,30.61835194,,0.0,,,0.0,admin,2025-08-18 16:15:42,admin,2025-08-19 10:35:19
255,AJ25081816154200257,0,0,0,0,0.16,85.0,10,0,,,,,,,,,,42.0,湖北省,4201.0,武汉市,420112.0,东西湖区,武汉市东西湖区惠安大道559号汉欧国际物流园3号4号库,114.0681322,30.61835194,,0.0,,,0.0,admin,2025-08-18 16:15:42,admin,2025-08-19 10:35:19
256,AJ25081816154200258,0,0,0,0,1.21,22.62,5,0,,,,,,,,,,42.0,湖北省,4201.0,武汉市,420112.0,东西湖区,武汉市东西湖区惠安大道559号汉欧国际物流园3号4号库,114.0681322,30.61835194,,0.0,,,0.0,admin,2025-08-18 16:15:42,admin,2025-08-19 10:35:19
257,AJ25081816154200259,0,0,0,0,11.09,2300.0,200,0,,,,,,,,,,42.0,湖北省,4201.0,武汉市,,江夏区,武汉市江夏区郑店街黄金工业园远泽物流园1号库，停车靠台1-103 ,114.2599083,30.38155853,,0.0,,,0.0,admin,2025-08-18 16:15:42,admin,2025-08-19 10:35:19
258,AJ25081816154200260,0,0,0,0,0.16,42.0,5,0,,,,,,,,,,42.0,湖北省,4201.0,武汉市,420112.0,东西湖区,武汉市东西湖区惠安大道559号汉欧国际物流园3号4号库,114.0681322,30.61835194,,0.0,,,0.0,admin,2025-08-18 16:15:42,admin,2025-08-19 10:35:19
259,AJ25081816154200261,0,0,0,0,0.3,129.1,10,0,,,,,,,,,,42.0,湖北省,4201.0,武汉市,,黄陂区,腾龙大道,114.2825024,30.72695026,,0.0,,,0.0,admin,2025-08-18 16:15:42,admin,2025-08-19 10:35:19
260,AJ25081816154200262,0,0,0,0,2.62,548.63,51,0,,,,,,,,,,42.0,湖北省,4201.0,武汉市,,黄陂区,武汉黄陂区前川大道68号,114.3907176,30.87668321,,0.0,,,0.0,admin,2025-08-18 16:15:42,admin,2025-08-19 10:35:19
261,AJ25081816154200263,0,0,0,0,3.37,675.87,64,0,,,,,,,,,,42.0,湖北省,4201.0,武汉市,,黄陂区,武汉黄陂区前川大道68号,114.3907176,30.87668321,,0.0,,,0.0,admin,2025-08-18 16:15:42,admin,2025-08-19 10:35:19
262,AJ25081816154200264,0,0,0,0,0.04,4.36,1,0,,,,,,,,,,42.0,湖北省,4201.0,武汉市,,黄陂区,1018黄陂购物广场武汉市黄陂区 黄陂大道384号61005031,114.3791769,30.88766858,,0.0,,,0.0,admin,2025-08-18 16:15:42,admin,2025-08-19 10:35:19
263,AJ25081816154200265,0,0,0,0,0.29,35.95,5,0,,,,,,,,,,42.0,湖北省,4201.0,武汉市,,黄陂区,武汉市黄陂区川龙大道与红塞路交汇处中百仓储中南拂晓城,114.2775391,30.76642584,,0.0,,,0.0,admin,2025-08-18 16:15:42,admin,2025-08-19 10:35:19
264,AJ25081816154200266,0,0,0,0,0.21,105.0,10,0,,,,,,,,,,42.0,湖北省,4201.0,武汉市,,黄陂区,汉口北华中温州包装工业园16栋6楼（周末休息）,114.321724,30.70540354,,0.0,,,0.0,admin,2025-08-18 16:15:42,admin,2025-08-19 10:35:19
265,AJ25081816154200267,0,0,0,0,1.06,525.0,50,0,,,,,,,,,,42.0,湖北省,4201.0,武汉市,,黄陂区,汉口北卓尔云三号物流园,114.3058021,30.70667977,,0.0,,,0.0,admin,2025-08-18 16:15:42,admin,2025-08-19 10:35:19
266,AJ25081816154200268,0,0,0,0,34.71,7044.11,707,0,,,,,,,,,,42.0,湖北省,4201.0,武汉市,,江夏区,湖北省武汉市江夏区旭光村菜鸟物流园2号库（猫超武汉仓）,114.1789034,30.34451505,,0.0,,,0.0,admin,2025-08-18 16:15:42,admin,2025-08-19 10:35:19
267,AJ25081816154200269,0,0,0,0,15.64,5400.4,611,0,,,,,,,,,,42.0,湖北省,4201.0,武汉市,,江夏区,湖北省武汉市江夏区旭光村菜鸟物流园2号库（猫超武汉仓）,114.1789034,30.34451505,,0.0,,,0.0,admin,2025-08-18 16:15:42,admin,2025-08-19 10:35:19
268,AJ25081816154200270,0,0,0,0,26.14,12405.0,950,0,,,,,,,,,,42.0,湖北省,4201.0,武汉市,,江夏区,湖北省武汉市江夏区武汉永泉仓储有限公司第一产业园二期1号,114.2749053,30.32320616,,0.0,,,0.0,admin,2025-08-18 16:15:42,admin,2025-08-19 10:35:19
269,AJ25081816154200271,0,0,0,0,0.29,35.95,5,0,,,,,,,,,,42.0,湖北省,4201.0,武汉市,420113.0,汉南区,1071汉南购物广场武汉市汉南区汉南大道580号84853516,114.091519,30.31749112,,0.0,,,0.0,admin,2025-08-18 16:15:42,admin,2025-08-19 10:35:19
270,AJ25081816154200272,0,0,0,0,1.0,845.0,50,0,,,,,,,,,,42.0,湖北省,4201.0,武汉市,420113.0,汉南区,通江四路菜鸟网络武汉汉南园区A3库一楼盒马B2C常温仓,114.0680942,30.28364158,,0.0,,,0.0,admin,2025-08-18 16:15:42,admin,2025-08-19 10:35:19
271,AJ25081816154200273,0,0,0,0,5.24,1041.74,98,0,,,,,,,,,,42.0,湖北省,4201.0,武汉市,,新洲区,武汉市新洲区邾城街南安街123号附2号,114.8127636,30.8450038,,0.0,,,0.0,admin,2025-08-18 16:15:42,admin,2025-08-19 10:35:19
272,AJ25081816154200274,0,0,0,0,5.77,930.87,99,0,,,,,,,,,,42.0,湖北省,4201.0,武汉市,420114.0,蔡甸区,蔡甸区南环路圣捷达物流园院内,114.0318311,30.56350658,,0.0,,,0.0,admin,2025-08-18 16:15:42,admin,2025-08-19 10:35:19
273,AJ25081816154200275,0,0,0,0,1.35,565.35,49,0,,,,,,,,,,42.0,湖北省,4201.0,武汉市,420112.0,东西湖区,东西湖田园大道特1号,114.1599958,30.63512335,,0.0,,,0.0,admin,2025-08-18 16:15:42,admin,2025-08-19 10:35:19
274,AJ25081816154200276,0,0,0,0,0.06,24.0,2,0,,,,,,,,,,42.0,湖北省,4201.0,武汉市,420112.0,东西湖区,武汉市东西湖区环湖路43号武汉恒大城市,114.1758124,30.66673442,,0.0,,,0.0,admin,2025-08-18 16:15:42,admin,2025-08-19 10:35:19
275,AJ25081816154200277,0,0,0,0,0.24,33.27,4,0,,,,,,,,,,42.0,湖北省,4201.0,武汉市,420112.0,东西湖区,1007吴家山购物广场武汉市东西湖区吴家山田园大道特1号  83250293,114.1165352,30.62734364,,0.0,,,0.0,admin,2025-08-18 16:15:42,admin,2025-08-19 10:35:19
276,AJ25081816154200278,0,0,0,0,0.03,12.0,1,0,,,,,,,,,,42.0,湖北省,4201.0,武汉市,420103.0,江汉区,常青路168号,114.2462835,30.63196821,,0.0,,,0.0,admin,2025-08-18 16:15:42,admin,2025-08-19 10:35:19
277,AJ25081816154200279,0,0,0,0,0.05,27.5,7,0,,,,,,,,,,42.0,湖北省,4201.0,武汉市,420103.0,江汉区,常青路168号,114.2462835,30.63196821,,0.0,,,0.0,admin,2025-08-18 16:15:42,admin,2025-08-19 10:35:19
278,AJ25081816154200280,0,0,0,0,0.1,13.69,2,0,,,,,,,,,,42.0,湖北省,4201.0,武汉市,420103.0,江汉区,1077常青路购物广场武汉市江汉区常青路168号85575089,114.2462835,30.63196821,,0.0,,,0.0,admin,2025-08-18 16:15:42,admin,2025-08-19 10:35:19
279,AJ25081816154200281,0,0,0,0,0.17,63.7,6,0,,,,,,,,,,42.0,湖北省,4201.0,武汉市,420112.0,东西湖区,东西湖田园大道特1号,114.1599958,30.63512335,,0.0,,,0.0,admin,2025-08-18 16:15:42,admin,2025-08-19 10:35:19
280,AJ25081816154200282,0,0,0,0,0.77,159.18,16,0,,,,,,,,,,42.0,湖北省,4201.0,武汉市,420112.0,东西湖区,湖北省武汉市东西湖区五环大道特9号乐盛产业园,114.1447415,30.61932493,,0.0,,,0.0,admin,2025-08-18 16:15:42,admin,2025-08-19 10:35:19
281,AJ25081816154200283,0,0,0,0,0.01,4.6,2,0,,,,,,,,,,42.0,湖北省,4201.0,武汉市,420112.0,东西湖区,东西湖吴家山,114.1599958,30.63512335,,0.0,,,0.0,admin,2025-08-18 16:15:42,admin,2025-08-19 10:35:19
282,AJ25081816154200284,0,0,0,0,0.1,53.51,12,0,,,,,,,,,,42.0,湖北省,4201.0,武汉市,420112.0,东西湖区,东西湖田园大道特1号,114.1599958,30.63512335,,0.0,,,0.0,admin,2025-08-18 16:15:42,admin,2025-08-19 10:35:19
283,AJ25081816154200285,0,0,0,0,0.78,373.89,38,0,,,,,,,,,,42.0,湖北省,4201.0,武汉市,420114.0,蔡甸区,蔡甸区汉阳大街470号(区政府对面),114.0343294,30.58829316,,0.0,,,0.0,admin,2025-08-18 16:15:42,admin,2025-08-19 10:35:19
284,AJ25081816154300286,0,0,0,0,0.03,12.0,1,0,,,,,,,,,,42.0,湖北省,4201.0,武汉市,420114.0,蔡甸区,蔡甸区汉阳大街470号(区政府对面),114.0343294,30.58829316,,0.0,,,0.0,admin,2025-08-18 16:15:43,admin,2025-08-19 10:35:19
285,AJ25081816154300287,0,0,0,0,0.79,91.11,13,0,,,,,,,,,,42.0,湖北省,4201.0,武汉市,420114.0,蔡甸区,1037蔡甸购物湖北省武汉市蔡甸区汉阳大街470号,114.0343294,30.58829316,,0.0,,,0.0,admin,2025-08-18 16:15:43,admin,2025-08-19 10:35:19
286,AJ25081816154300288,0,0,0,0,0.23,28.76,4,0,,,,,,,,,,42.0,湖北省,4201.0,武汉市,420114.0,蔡甸区,1037蔡甸购物湖北省武汉市蔡甸区汉阳大街470号,114.0343294,30.58829316,,0.0,,,0.0,admin,2025-08-18 16:15:43,admin,2025-08-19 10:35:19
287,AJ25081816154300289,0,0,0,0,0.25,32.3,19,0,,,,,,,,,,42.0,湖北省,4201.0,武汉市,420114.0,蔡甸区,武汉市蔡甸区奓山大道市场一号,114.0245764,30.45850651,,0.0,,,0.0,admin,2025-08-18 16:15:43,admin,2025-08-19 10:35:19
288,AJ25081816154300290,0,0,0,0,0.45,198.2,28,0,,,,,,,,,,42.0,湖北省,4201.0,武汉市,420114.0,蔡甸区,蔡甸区汉阳大街470号(区政府对面),114.0343294,30.58829316,,0.0,,,0.0,admin,2025-08-18 16:15:43,admin,2025-08-19 10:35:19
289,AJ25081816154300291,0,0,0,0,0.16,14.66,7,0,,,,,,,,,,42.0,湖北省,4201.0,武汉市,420114.0,蔡甸区,1037蔡甸购物湖北省武汉市蔡甸区汉阳大街470号,114.0343294,30.58829316,,0.0,,,0.0,admin,2025-08-18 16:15:43,admin,2025-08-19 10:35:19
290,AJ25081816154300292,0,0,0,0,0.38,180.45,20,0,,,,,,,,,,42.0,湖北省,4201.0,武汉市,420102.0,江岸区,百步亭龙庭小区 武商百步亭龙庭店,114.3240772,30.65942497,,0.0,,,0.0,admin,2025-08-18 16:15:43,admin,2025-08-19 10:35:19
291,AJ25081816154300293,0,0,0,0,0.08,12.0,1,0,,,,,,,,,,42.0,湖北省,4201.0,武汉市,420104.0,硚口区,1004古田路购物广场武汉市硚口区解放大道48号83832470,114.2065993,30.60083717,,0.0,,,0.0,admin,2025-08-18 16:15:43,admin,2025-08-19 10:35:19
292,AJ25081816154300294,0,0,0,0,0.03,7.4,1,0,,,,,,,,,,42.0,湖北省,4201.0,武汉市,420102.0,江岸区,百步亭龙庭小区 武商百步亭龙庭店,114.3240772,30.65942497,,0.0,,,0.0,admin,2025-08-18 16:15:43,admin,2025-08-19 10:35:19
293,AJ25081816154300295,0,0,0,0,0.04,8.1,2,0,,,,,,,,,,42.0,湖北省,4201.0,武汉市,420104.0,硚口区,武汉市硚口区解放大道48号,114.2065993,30.60083717,,0.0,,,0.0,admin,2025-08-18 16:15:43,admin,2025-08-19 10:35:19
294,AJ25081816154300296,0,0,0,0,0.1,18.19,2,0,,,,,,,,,,42.0,湖北省,4201.0,武汉市,420103.0,江汉区,1001唐家墩购物广场武汉市江汉区新华下路422号85607726,114.2774041,30.62655493,,0.0,,,0.0,admin,2025-08-18 16:15:43,admin,2025-08-19 10:35:19
295,AJ25081816154300297,0,0,0,0,0.11,41.4,3,0,,,,,,,,,,42.0,湖北省,4201.0,武汉市,420102.0,江岸区,百步亭龙庭小区 武商百步亭龙庭店,114.3240772,30.65942497,,0.0,,,0.0,admin,2025-08-18 16:15:43,admin,2025-08-19 10:35:19
296,AJ25081816154300298,0,0,0,0,0.63,294.8,30,0,,,,,,,,,,42.0,湖北省,4201.0,武汉市,420104.0,硚口区,武汉市硚口区解放大道48号,114.2065993,30.60083717,,0.0,,,0.0,admin,2025-08-18 16:15:43,admin,2025-08-19 10:35:19
297,AJ25081816154300299,0,0,0,0,1.02,125.54,15,0,,,,,,,,,,42.0,湖北省,4201.0,武汉市,,江夏区,1179江夏中百广场店     武汉市江夏区纸坊镇区民政旁,114.3280238,30.37011599,,0.0,,,0.0,admin,2025-08-18 16:15:43,admin,2025-08-19 10:35:19
298,AJ25081816154300300,0,0,0,0,0.11,14.38,2,0,,,,,,,,,,42.0,湖北省,4201.0,武汉市,,江夏区,1179江夏中百广场店     武汉市江夏区纸坊镇区民政旁,114.3280238,30.37011599,,0.0,,,0.0,admin,2025-08-18 16:15:43,admin,2025-08-19 10:35:19
299,AJ25081816154300301,0,0,0,0,0.21,81.0,10,0,,,,,,,,,,42.0,湖北省,4201.0,武汉市,,江夏区,江夏区纸坊镇兴新街158号,114.3202078,30.35390491,,0.0,,,0.0,admin,2025-08-18 16:15:43,admin,2025-08-19 10:35:19
300,AJ25081816154300302,0,0,0,0,0.11,52.5,5,0,,,,,,,,,,42.0,湖北省,4201.0,武汉市,,江夏区,武汉市江夏区纸坊街纸坊大街1203号,114.3119923,30.34750696,,0.0,,,0.0,admin,2025-08-18 16:15:43,admin,2025-08-19 10:35:19
301,AJ25081816154300303,0,0,0,0,0.03,11.6,1,0,,,,,,,,,,42.0,湖北省,4201.0,武汉市,,江夏区,纸坊镇文华路,114.4456391,30.49917393,,0.0,,,0.0,admin,2025-08-18 16:15:43,admin,2025-08-19 10:35:19
302,AJ25081816154300304,0,0,0,0,0.06,22.4,2,0,,,,,,,,,,42.0,湖北省,4201.0,武汉市,,江夏区,纸坊镇文华路,114.4456391,30.49917393,,0.0,,,0.0,admin,2025-08-18 16:15:43,admin,2025-08-19 10:35:19
303,AJ25081816154300305,0,0,0,0,0.3,152.44,15,0,,,,,,,,,,42.0,湖北省,4201.0,武汉市,,江夏区,江夏区纸坊镇兴新街158号,114.3202078,30.35390491,,0.0,,,0.0,admin,2025-08-18 16:15:43,admin,2025-08-19 10:35:19
304,AJ25081816154300306,0,0,0,0,1.01,448.47,39,0,,,,,,,,,,42.0,湖北省,4201.0,武汉市,,江夏区,纸坊镇文华路,114.4456391,30.49917393,,0.0,,,0.0,admin,2025-08-18 16:15:43,admin,2025-08-19 10:35:19
305,AJ25081816154300307,0,0,0,0,1.63,870.0,100,0,,,,,,,,,,42.0,湖北省,4201.0,武汉市,420112.0,东西湖区,吴家山农场台南一路南、高桥八路东武汉汉鹏物流发展有限责任公司（常温物流）,114.090799,30.62254652,,0.0,,,0.0,admin,2025-08-18 16:15:43,admin,2025-08-19 10:35:19
306,AJ25081816154300308,0,0,0,0,2.5,1040.5,85,0,,,,,,,,,,42.0,湖北省,4201.0,武汉市,420112.0,东西湖区,武汉市东西湖区十八支沟,114.1434587,30.62591982,,0.0,,,0.0,admin,2025-08-18 16:15:43,admin,2025-08-19 10:35:19
307,AJ25081816154300309,0,0,0,0,0.25,80.0,10,0,,,,,,,,,,42.0,湖北省,4201.0,武汉市,,江夏区,湖北省武汉市江夏区纸坊街大花岭2号大桥新区街道,114.3269227,30.37276212,,0.0,,,0.0,admin,2025-08-18 16:15:43,admin,2025-08-19 10:35:19
308,AJ25081816154300310,0,0,0,0,1.13,552.0,30,0,,,,,,,,,,42.0,湖北省,4201.0,武汉市,,江夏区,湖北省武汉市江夏区黄家湖大道,114.3014753,30.3825956,,0.0,,,0.0,admin,2025-08-18 16:15:43,admin,2025-08-19 10:35:19
309,AJ25081816154300311,0,0,0,0,0.04,17.5,2,0,,,,,,,,,,42.0,湖北省,4201.0,武汉市,,江夏区,武汉市江夏经济开发区庙山小区特1号,114.3285512,30.38156422,,0.0,,,0.0,admin,2025-08-18 16:15:43,admin,2025-08-19 10:35:19
310,AJ25081816154300312,0,0,0,0,0.1,38.3,3,0,,,,,,,,,,42.0,湖北省,4201.0,武汉市,,江夏区,武汉市江夏经济开发区庙山小区特1号,114.3285512,30.38156422,,0.0,,,0.0,admin,2025-08-18 16:15:43,admin,2025-08-19 10:35:19
311,AJ25081816154300313,0,0,0,0,0.1,42.8,4,0,,,,,,,,,,42.0,湖北省,4201.0,武汉市,,江夏区,武汉市江夏经济开发区庙山小区特1号,114.3285512,30.38156422,,0.0,,,0.0,admin,2025-08-18 16:15:43,admin,2025-08-19 10:35:19
312,AJ25081816154300314,0,0,0,0,0.8,381.25,21,0,,,,,,,,,,42.0,湖北省,4201.0,武汉市,,江夏区,武汉市江夏经济开发区庙山小区特1号,114.3285512,30.38156422,,0.0,,,0.0,admin,2025-08-18 16:15:43,admin,2025-08-19 10:35:19
313,AJ25081816154300315,0,0,0,0,1.75,648.0,40,0,,,,,,,,,,42.0,湖北省,4201.0,武汉市,,江夏区,武汉市江夏经济开发区庙山小区特1号,114.3285512,30.38156422,,0.0,,,0.0,admin,2025-08-18 16:15:43,admin,2025-08-19 10:35:19
314,AJ25081816154300316,0,0,0,0,6.74,1509.99,138,0,,,,,,,,,,42.0,湖北省,4201.0,武汉市,420112.0,东西湖区,吴家山朝阳街117号供销农资仓库13库,114.1564612,30.61048602,,0.0,,,0.0,admin,2025-08-18 16:15:43,admin,2025-08-19 10:35:19
315,AJ25081816154300317,0,0,0,0,0.1,29.75,3,0,,,,,,,,,,42.0,湖北省,4201.0,武汉市,,江夏区,武汉市江夏经济开发区庙山小区特1号,114.3285512,30.38156422,,0.0,,,0.0,admin,2025-08-18 16:15:43,admin,2025-08-19 10:35:19
316,AJ25081816154300318,0,0,0,0,0.01,5.0,1,0,,,,,,,,,,42.0,湖北省,4201.0,武汉市,,江夏区,武汉市江夏经济开发区庙山小区特1号,114.3285512,30.38156422,,0.0,,,0.0,admin,2025-08-18 16:15:43,admin,2025-08-19 10:35:19
317,AJ25081816154300319,0,0,0,0,0.03,13.8,2,0,,,,,,,,,,42.0,湖北省,4201.0,武汉市,,江夏区,武汉市江夏经济开发区庙山小区特1号,114.3285512,30.38156422,,0.0,,,0.0,admin,2025-08-18 16:15:43,admin,2025-08-19 10:35:19
318,AJ25081816154300320,0,0,0,0,0.13,58.45,6,0,,,,,,,,,,42.0,湖北省,4201.0,武汉市,,江夏区,武汉市江夏经济开发区庙山小区特1号,114.3285512,30.38156422,,0.0,,,0.0,admin,2025-08-18 16:15:43,admin,2025-08-19 10:35:19
319,AJ25081816154300321,0,0,0,0,0.34,144.65,14,0,,,,,,,,,,42.0,湖北省,4201.0,武汉市,,江夏区,武汉市江夏经济开发区庙山小区特1号,114.3285512,30.38156422,,0.0,,,0.0,admin,2025-08-18 16:15:43,admin,2025-08-19 10:35:19
320,AJ25081816154300322,0,0,0,0,0.44,157.5,12,0,,,,,,,,,,42.0,湖北省,4201.0,武汉市,,江夏区,武汉市江夏经济开发区庙山小区特1号,114.3285512,30.38156422,,0.0,,,0.0,admin,2025-08-18 16:15:43,admin,2025-08-19 10:35:19
321,AJ25081816154300323,0,0,0,0,1.82,836.5,44,0,,,,,,,,,,42.0,湖北省,4201.0,武汉市,,江夏区,武汉市江夏经济开发区庙山小区特1号,114.3285512,30.38156422,,0.0,,,0.0,admin,2025-08-18 16:15:43,admin,2025-08-19 10:35:19
322,AJ25081816154300324,0,0,0,0,0.04,10.6,2,0,,,,,,,,,,42.0,湖北省,4201.0,武汉市,,江夏区,武汉市江夏经济开发区庙山小区特1号,114.3285512,30.38156422,,0.0,,,0.0,admin,2025-08-18 16:15:43,admin,2025-08-19 10:35:19
323,AJ25081816154400325,0,0,0,0,0.18,76.9,9,0,,,,,,,,,,42.0,湖北省,4201.0,武汉市,,江夏区,武汉市江夏经济开发区庙山小区特1号,114.3285512,30.38156422,,0.0,,,0.0,admin,2025-08-18 16:15:44,admin,2025-08-19 10:35:19
324,AJ25081816154400326,0,0,0,0,0.03,12.1,1,0,,,,,,,,,,42.0,湖北省,4201.0,武汉市,,江夏区,武汉市江夏经济开发区庙山小区特1号,114.3285512,30.38156422,,0.0,,,0.0,admin,2025-08-18 16:15:44,admin,2025-08-19 10:35:19
325,AJ25081816154400327,0,0,0,0,0.06,26.1,3,0,,,,,,,,,,42.0,湖北省,4201.0,武汉市,,江夏区,武汉市江夏经济开发区庙山小区特1号,114.3285512,30.38156422,,0.0,,,0.0,admin,2025-08-18 16:15:44,admin,2025-08-19 10:35:19
326,AJ25081816154400328,0,0,0,0,0.07,33.9,3,0,,,,,,,,,,42.0,湖北省,4201.0,武汉市,,江夏区,武汉市江夏经济开发区庙山小区特1号,114.3285512,30.38156422,,0.0,,,0.0,admin,2025-08-18 16:15:44,admin,2025-08-19 10:35:19
327,AJ25081816154400329,0,0,0,0,0.09,69.5,10,0,,,,,,,,,,42.0,湖北省,4201.0,武汉市,420112.0,东西湖区,武汉市东西湖区惠安大道559号汉欧国际物流园3号4号库,114.0681322,30.61835194,,0.0,,,0.0,admin,2025-08-18 16:15:44,admin,2025-08-19 10:35:19
328,AJ25081816154400330,0,0,0,0,0.58,294.11,38,0,,,,,,,,,,42.0,湖北省,4201.0,武汉市,420112.0,东西湖区,武汉市东西湖区惠安大道559号汉欧国际物流园3号4号库,114.0681322,30.61835194,,0.0,,,0.0,admin,2025-08-18 16:15:44,admin,2025-08-19 10:35:19
329,AJ25081816154400331,0,0,0,0,1.14,547.7,68,0,,,,,,,,,,42.0,湖北省,4201.0,武汉市,420112.0,东西湖区,武汉市东西湖区惠安大道559号汉欧国际物流园3号4号库,114.0681322,30.61835194,,0.0,,,0.0,admin,2025-08-18 16:15:44,admin,2025-08-19 10:35:19
330,AJ25081816154400332,0,0,0,0,7.11,3414.95,287,0,,,,,,,,,,42.0,湖北省,4201.0,武汉市,420112.0,东西湖区,武汉市东西湖区十八支沟,114.0881189,30.63116859,,0.0,,,0.0,admin,2025-08-18 16:15:44,admin,2025-08-19 10:35:19
331,AJ25081816154400333,0,0,0,0,3.46,1450.5,120,0,,,,,,,,,,42.0,湖北省,4201.0,武汉市,420112.0,东西湖区,武汉市东西湖区十八支沟,114.1434587,30.62591982,,0.0,,,0.0,admin,2025-08-18 16:15:44,admin,2025-08-19 10:35:19
332,AJ25081816154400334,0,0,0,0,2.79,1160.0,95,0,,,,,,,,,,42.0,湖北省,4201.0,武汉市,420112.0,东西湖区,武汉市东西湖区十八支沟,114.1434587,30.62591982,,0.0,,,0.0,admin,2025-08-18 16:15:44,admin,2025-08-19 10:35:19
333,AJ25081816154400335,0,0,0,0,0.79,350.2,36,0,,,,,,,,,,42.0,湖北省,4201.0,武汉市,,江夏区,湖北省武汉市江夏区庙山大道普洛斯物流园二期,114.3797389,30.35780415,,0.0,,,0.0,admin,2025-08-18 16:15:44,admin,2025-08-19 10:35:19
334,AJ25081816154400336,0,0,0,0,6.64,2251.2,212,0,,,,,,,,,,42.0,湖北省,4201.0,武汉市,,江夏区,湖北省武汉市江夏区庙山大道普洛斯物流园二期,114.3797389,30.35780415,,0.0,,,0.0,admin,2025-08-18 16:15:44,admin,2025-08-19 10:35:19
335,AJ25081816154400337,0,0,0,0,40.1,16178.4,1288,0,,,,,,,,,,42.0,湖北省,4201.0,武汉市,,江夏区,湖北省武汉市江夏区庙山大道普洛斯物流园二期,114.3797389,30.35780415,,0.0,,,0.0,admin,2025-08-18 16:15:44,admin,2025-08-19 10:35:19
336,AJ25081816154400338,0,0,0,0,2.37,1081.85,110,0,,,,,,,,,,42.0,湖北省,4201.0,武汉市,,江夏区,湖北省武汉市江夏区庙山大道普洛斯物流园二期,114.3797389,30.35780415,,0.0,,,0.0,admin,2025-08-18 16:15:44,admin,2025-08-19 10:35:19
337,AJ25081816154400339,0,0,0,0,0.03,12.0,1,0,,,,,,,,,,42.0,湖北省,4201.0,武汉市,420107.0,青山区,武汉市青山区,114.3914926,30.64659308,,0.0,,,0.0,admin,2025-08-18 16:15:44,admin,2025-08-19 10:35:19
338,AJ25081816154400340,0,0,0,0,3.29,1570.6,120,0,,,,,,,,,,42.0,湖北省,4201.0,武汉市,420107.0,青山区,友谊大道与建设二路交汇处,114.3884981,30.62372324,,0.0,,,0.0,admin,2025-08-18 16:15:44,admin,2025-08-19 10:35:19
339,AJ25081816154400341,0,0,0,0,0.03,18.3,4,0,,,,,,,,,,42.0,湖北省,4201.0,武汉市,420107.0,青山区,武汉市青山区,114.3914926,30.64659308,,0.0,,,0.0,admin,2025-08-18 16:15:44,admin,2025-08-19 10:35:19
340,AJ25081816154400342,0,0,0,0,0.53,243.64,23,0,,,,,,,,,,42.0,湖北省,4201.0,武汉市,420103.0,江汉区,常青路168号,114.2462835,30.63196821,,0.0,,,0.0,admin,2025-08-18 16:15:44,admin,2025-08-19 10:35:19
341,AJ25081816154400343,0,0,0,0,0.02,12.2,3,0,,,,,,,,,,42.0,湖北省,4201.0,武汉市,420103.0,江汉区,泛海城市广场,114.2624555,30.60809903,,0.0,,,0.0,admin,2025-08-18 16:15:44,admin,2025-08-19 10:35:19
342,AJ25081816154400344,0,0,0,0,0.57,71.89,10,0,,,,,,,,,,42.0,湖北省,4201.0,武汉市,420103.0,江汉区,1077常青路购物广场武汉市江汉区常青路168号85575089,114.2462835,30.63196821,,0.0,,,0.0,admin,2025-08-18 16:15:44,admin,2025-08-19 10:35:19
343,AJ25081816154400345,0,0,0,0,0.04,4.36,1,0,,,,,,,,,,42.0,湖北省,4201.0,武汉市,,新洲区,1068阳逻购物广场武汉市新洲区阳逻街东风路1号86969805,114.5595958,30.70930027,,0.0,,,0.0,admin,2025-08-18 16:15:44,admin,2025-08-19 10:35:19
344,AJ25081816154400346,0,0,0,0,0.01,4.6,1,0,,,,,,,,,,42.0,湖北省,4201.0,武汉市,420103.0,江汉区,常青路168号,114.2462835,30.63196821,,0.0,,,0.0,admin,2025-08-18 16:15:44,admin,2025-08-19 10:35:19
345,AJ25081816154400347,0,0,0,0,0.17,21.57,3,0,,,,,,,,,,42.0,湖北省,4201.0,武汉市,,新洲区,1205阳逻瀚华天地湖北省武汉市新洲区阳逻经济开发区瀚华天地,114.5777453,30.70097628,,0.0,,,0.0,admin,2025-08-18 16:15:44,admin,2025-08-19 10:35:19
346,AJ25081816154400348,0,0,0,0,0.04,4.36,1,0,,,,,,,,,,42.0,湖北省,4201.0,武汉市,420103.0,江汉区,1208泛海城市广场店武汉市江汉区清江路与范湖路叉口,114.2624555,30.60809903,,0.0,,,0.0,admin,2025-08-18 16:15:44,admin,2025-08-19 10:35:19
347,AJ25081816154400349,0,0,0,0,0.12,61.24,10,0,,,,,,,,,,42.0,湖北省,4201.0,武汉市,420103.0,江汉区,湖北省武汉市江汉区新华路490号武汉中心书城8楼,114.2744845,30.61477209,,0.0,,,0.0,admin,2025-08-18 16:15:44,admin,2025-08-19 10:35:19
348,AJ25081816154400350,0,0,0,0,0.79,103.35,15,0,,,,,,,,,,42.0,湖北省,4201.0,武汉市,420111.0,洪山区,湖北省武汉市洪山区雄楚大道与卓刀泉南路交汇处西北角，保利大都会,114.3719158,30.51626865,,0.0,,,0.0,admin,2025-08-18 16:15:44,admin,2025-08-19 10:35:19
349,AJ25081816154400351,0,0,0,0,0.86,313.6,27,0,,,,,,,,,,42.0,湖北省,4201.0,武汉市,420111.0,洪山区,湖北省武汉市洪山区左岭新城2区,114.6210101,30.49578794,,0.0,,,0.0,admin,2025-08-18 16:15:44,admin,2025-08-19 10:35:19
350,AJ25081816154400352,0,0,0,0,0.04,4.36,1,0,,,,,,,,,,42.0,湖北省,4201.0,武汉市,420111.0,洪山区,1141光谷万科嘉园店湖北省武汉市洪山区光谷一路12号,114.4516376,30.50375217,,0.0,,,0.0,admin,2025-08-18 16:15:44,admin,2025-08-19 10:35:19
351,AJ25081816154400353,0,0,0,0,0.03,18.3,4,0,,,,,,,,,,42.0,湖北省,4201.0,武汉市,420111.0,洪山区,雄楚大道与民族大道交汇处,114.4034008,30.49841195,,0.0,,,0.0,admin,2025-08-18 16:15:44,admin,2025-08-19 10:35:19
352,AJ25081816154400354,0,0,0,0,2.8,1184.7,99,0,,,,,,,,,,42.0,湖北省,4201.0,武汉市,420112.0,东西湖区,武汉市东西湖区十八支沟,114.1434587,30.62591982,,0.0,,,0.0,admin,2025-08-18 16:15:44,admin,2025-08-19 10:35:19
353,AJ25081816154400355,0,0,0,0,0.08,42.5,5,0,,,,,,,,,,42.0,湖北省,4201.0,武汉市,420112.0,东西湖区,武汉市东西湖区惠安大道559号汉欧国际物流园3号4号库,114.0681322,30.61835194,,0.0,,,0.0,admin,2025-08-18 16:15:44,admin,2025-08-19 10:35:19
354,AJ25081816154400356,0,0,0,0,0.23,30.31,12,0,,,,,,,,,,42.0,湖北省,4201.0,武汉市,420112.0,东西湖区,武汉市东西湖区惠安大道559号汉欧国际物流园3号4号库,114.0681322,30.61835194,,0.0,,,0.0,admin,2025-08-18 16:15:44,admin,2025-08-19 10:35:19
355,AJ25081816154400357,0,0,0,0,3.41,109.5,75,0,,,,,,,,,,42.0,湖北省,4201.0,武汉市,420112.0,东西湖区,武汉市东西湖区惠安大道559号汉欧国际物流园3号4号库,114.0681322,30.61835194,,0.0,,,0.0,admin,2025-08-18 16:15:44,admin,2025-08-19 10:35:19
356,AJ25081816154400358,0,0,0,0,0.17,39.48,6,0,,,,,,,,,,42.0,湖北省,4201.0,武汉市,420112.0,东西湖区,武汉市东西湖区惠安大道559号汉欧国际物流园3号4号库,114.0681322,30.61835194,,0.0,,,0.0,admin,2025-08-18 16:15:44,admin,2025-08-19 10:35:19
357,AJ25081816154400359,0,0,0,0,4.86,1233.6,113,0,,,,,,,,,,42.0,湖北省,4201.0,武汉市,420114.0,蔡甸区,蔡甸区大集街道世贸龙湾168-2,114.0915664,30.51122501,,0.0,,,0.0,admin,2025-08-18 16:15:44,admin,2025-08-19 10:35:19
358,AJ25081816154400360,0,0,0,0,41.25,19757.6,1923,0,,,,,,,,,,42.0,湖北省,4201.0,武汉市,,黄陂区,湖北省武汉市黄陂区五里墩黄孝路198号合富高科现代产业园14栋1号,114.3542566,30.89911539,,0.0,,,0.0,admin,2025-08-18 16:15:44,admin,2025-08-19 10:35:19
359,AJ25081816154400361,0,0,0,0,6.31,2635.7,309,0,,,,,,,,,,42.0,湖北省,4201.0,武汉市,,新洲区,湖北省武汉市新洲区新洲区汪集工业国际（京东自营武汉）,114.7164713,30.78473872,,0.0,,,0.0,admin,2025-08-18 16:15:44,admin,2025-08-19 10:35:19
360,AJ25081816154400362,0,0,0,0,29.78,12473.73,1292,0,,,,,,,,,,42.0,湖北省,4201.0,武汉市,,新洲区,湖北省武汉市新洲区新洲区汪集工业国际（京东自营武汉）,114.7164713,30.78473872,,0.0,,,0.0,admin,2025-08-18 16:15:44,admin,2025-08-19 10:35:19
361,AJ25081816154400363,0,0,0,0,0.06,7.19,1,0,,,,,,,,,,42.0,湖北省,4201.0,武汉市,420111.0,洪山区,湖北省武汉市洪山区雄楚大道与卓刀泉南路交汇处西北角，保利大都会,114.3719158,30.51626865,,0.0,,,0.0,admin,2025-08-18 16:15:44,admin,2025-08-19 10:35:19
362,AJ25081816154400364,0,0,0,0,4.59,575.14,80,0,,,,,,,,,,42.0,湖北省,4201.0,武汉市,420111.0,洪山区,1133南湖龙城店武汉市洪山区天际路南湖社区,114.3106409,30.50261169,,0.0,,,0.0,admin,2025-08-18 16:15:44,admin,2025-08-19 10:35:19
363,AJ25081816154500365,0,0,0,0,0.46,57.51,8,0,,,,,,,,,,42.0,湖北省,4201.0,武汉市,420106.0,武昌区,1198漫时区武汉市武昌区和平大道722号f6漫时区3号楼1层027-88233236,114.3305941,30.58041334,,0.0,,,0.0,admin,2025-08-18 16:15:45,admin,2025-08-19 10:35:19
364,AJ25081816154500366,0,0,0,0,0.56,280.05,30,0,,,,,,,,,,42.0,湖北省,4201.0,武汉市,420102.0,江岸区,惠济路2号,114.2947456,30.61218389,,0.0,,,0.0,admin,2025-08-18 16:15:45,admin,2025-08-19 10:35:19
365,AJ25081816154500367,0,0,0,0,1.06,29.3,4,0,,,,,,,,,,42.0,湖北省,4201.0,武汉市,420102.0,江岸区,惠济路2号,114.2947456,30.61218389,,0.0,,,0.0,admin,2025-08-18 16:15:45,admin,2025-08-19 10:35:19
366,AJ25081816154500368,0,0,0,0,0.37,180.66,20,0,,,,,,,,,,42.0,湖北省,4201.0,武汉市,420106.0,武昌区,武汉市武昌区水果湖路19-21号,114.351862,30.55346458,,0.0,,,0.0,admin,2025-08-18 16:15:45,admin,2025-08-19 10:35:19
367,AJ25081816154500369,0,0,0,0,0.01,4.6,1,0,,,,,,,,,,42.0,湖北省,4201.0,武汉市,420106.0,武昌区,武昌区后长街80号,114.3069283,30.54856067,,0.0,,,0.0,admin,2025-08-18 16:15:45,admin,2025-08-19 10:35:19
368,AJ25081816154500370,0,0,0,0,0.03,20.2,2,0,,,,,,,,,,42.0,湖北省,4201.0,武汉市,420102.0,江岸区,惠济路2号,114.2947456,30.61218389,,0.0,,,0.0,admin,2025-08-18 16:15:45,admin,2025-08-19 10:35:19
369,AJ25081816154500371,0,0,0,0,0.34,46.82,5,0,,,,,,,,,,42.0,湖北省,4201.0,武汉市,420112.0,东西湖区,1007吴家山购物广场武汉市东西湖区吴家山田园大道特1号  83250293,114.1165352,30.62734364,,0.0,,,0.0,admin,2025-08-18 16:15:45,admin,2025-08-19 10:35:19
370,AJ25081816154500372,0,0,0,0,0.04,17.0,2,0,,,,,,,,,,42.0,湖北省,4201.0,武汉市,420102.0,江岸区,惠济路2号,114.2947456,30.61218389,,0.0,,,0.0,admin,2025-08-18 16:15:45,admin,2025-08-19 10:35:19
371,AJ25081816154500373,0,0,0,0,0.07,51.25,3,0,,,,,,,,,,42.0,湖北省,4201.0,武汉市,,黄陂区,武汉市黄陂区前川大南街,114.3866121,30.87749554,,0.0,,,0.0,admin,2025-08-18 16:15:45,admin,2025-08-19 10:35:19
372,AJ25081816154500374,0,0,0,0,0.57,71.89,10,0,,,,,,,,,,42.0,湖北省,4201.0,武汉市,,黄陂区,1018黄陂购物广场武汉市黄陂区 黄陂大道384号61005031,114.3791769,30.88766858,,0.0,,,0.0,admin,2025-08-18 16:15:45,admin,2025-08-19 10:35:19
373,AJ25081816154500375,0,0,0,0,0.49,190.1,17,0,,,,,,,,,,42.0,湖北省,4201.0,武汉市,,黄陂区,武汉市黄陂区前川大南街,114.3866121,30.87749554,,0.0,,,0.0,admin,2025-08-18 16:15:45,admin,2025-08-19 10:35:19
374,AJ25081816154500376,0,0,0,0,0.99,467.0,25,0,,,,,,,,,,42.0,湖北省,4201.0,武汉市,,黄陂区,腾龙大道,114.2825024,30.72695026,,0.0,,,0.0,admin,2025-08-18 16:15:45,admin,2025-08-19 10:35:19
375,AJ25081816154500377,0,0,0,0,0.02,5.58,1,0,,,,,,,,,,42.0,湖北省,4201.0,武汉市,,黄陂区,1018黄陂购物广场武汉市黄陂区 黄陂大道384号61005031,114.3791769,30.88766858,,0.0,,,0.0,admin,2025-08-18 16:15:45,admin,2025-08-19 10:35:19
376,AJ25081816154500378,0,0,0,0,0.04,18.4,1,0,,,,,,,,,,42.0,湖北省,4201.0,武汉市,,黄陂区,武汉市黄陂区前川大南街,114.3866121,30.87749554,,0.0,,,0.0,admin,2025-08-18 16:15:45,admin,2025-08-19 10:35:19
377,AJ25081816154500379,0,0,0,0,0.57,71.89,10,0,,,,,,,,,,42.0,湖北省,4201.0,武汉市,,黄陂区,1199天纵城店武汉市黄陂区盘龙城经济开发区天纵城区C2号B1楼,114.3103989,30.69929155,,0.0,,,0.0,admin,2025-08-18 16:15:45,admin,2025-08-19 10:35:19
378,AJ25081816154500380,0,0,0,0,0.51,200.2,18,0,,,,,,,,,,42.0,湖北省,4201.0,武汉市,,黄陂区,腾龙大道,114.2825024,30.72695026,,0.0,,,0.0,admin,2025-08-18 16:15:45,admin,2025-08-19 10:35:19
379,AJ25081816154500381,0,0,0,0,14.42,6036.9,498,0,,,,,,,,,,42.0,湖北省,4201.0,武汉市,420112.0,东西湖区,武汉市东西湖区十八支沟,114.1434587,30.62591982,,0.0,,,0.0,admin,2025-08-18 16:15:45,admin,2025-08-19 10:35:19
380,AJ25081816154500382,0,0,0,0,11.52,4829.1,399,0,,,,,,,,,,42.0,湖北省,4201.0,武汉市,420112.0,东西湖区,武汉市东西湖区十八支沟,114.1434587,30.62591982,,0.0,,,0.0,admin,2025-08-18 16:15:45,admin,2025-08-19 10:35:19
381,AJ25081816154500383,0,0,0,0,4.27,1762.3,148,0,,,,,,,,,,42.0,湖北省,4201.0,武汉市,420114.0,蔡甸区,湖北省武汉市蔡甸区千子山大道普洛斯物流园（永辉常温库大仓),114.0395834,30.45444369,,0.0,,,0.0,admin,2025-08-18 16:15:45,admin,2025-08-19 10:35:19
382,AJ25081816154500384,0,0,0,0,2.15,868.4,80,0,,,,,,,,,,42.0,湖北省,4201.0,武汉市,420114.0,蔡甸区,湖北省武汉市蔡甸区千子山大道普洛斯物流园（永辉常温库大仓),114.0395834,30.45444369,,0.0,,,0.0,admin,2025-08-18 16:15:45,admin,2025-08-19 10:35:19
383,AJ25081816154500385,0,0,0,0,0.05,32.0,3,0,,,,,,,,,,42.0,湖北省,4201.0,武汉市,420114.0,蔡甸区,湖北省武汉市蔡甸区千子山大道普洛斯物流园（永辉常温库大仓),114.0395834,30.45444369,,0.0,,,0.0,admin,2025-08-18 16:15:45,admin,2025-08-19 10:35:19
384,AJ25081816154500386,0,0,0,0,0.05,5.8,3,0,,,,,,,,,,42.0,湖北省,4201.0,武汉市,420114.0,蔡甸区,湖北省武汉市蔡甸区千子山大道普洛斯物流园（永辉常温库大仓),114.0395834,30.45444369,,0.0,,,0.0,admin,2025-08-18 16:15:45,admin,2025-08-19 10:35:19
385,AJ25081816154500387,0,0,0,0,0.32,3.0,3,0,,,,,,,,,,42.0,湖北省,4201.0,武汉市,420114.0,蔡甸区,湖北省武汉市蔡甸区千子山大道普洛斯物流园（永辉常温库大仓),114.0395834,30.45444369,,0.0,,,0.0,admin,2025-08-18 16:15:45,admin,2025-08-19 10:35:19
386,AJ25081816154500388,0,0,0,0,0.14,46.0,4,0,,,,,,,,,,42.0,湖北省,4201.0,武汉市,420114.0,蔡甸区,湖北省武汉市蔡甸区千子山大道普洛斯物流园（永辉常温库大仓),114.0395834,30.45444369,,0.0,,,0.0,admin,2025-08-18 16:15:45,admin,2025-08-19 10:35:19
387,AJ25081816154500389,0,0,0,0,0.01,3.3,1,0,,,,,,,,,,42.0,湖北省,4201.0,武汉市,420114.0,蔡甸区,湖北省武汉市蔡甸区千子山大道普洛斯物流园（永辉常温库大仓),114.0395834,30.45444369,,0.0,,,0.0,admin,2025-08-18 16:15:45,admin,2025-08-19 10:35:19
388,AJ25081816154500390,0,0,0,0,1.28,466.15,66,0,,,,,,,,,,42.0,湖北省,4201.0,武汉市,420114.0,蔡甸区,湖北省武汉市蔡甸区千子山大道普洛斯物流园（永辉常温库大仓),114.0395834,30.45444369,,0.0,,,0.0,admin,2025-08-18 16:15:45,admin,2025-08-19 10:35:19
389,AJ25081816154500391,0,0,0,0,1.92,830.36,81,0,,,,,,,,,,42.0,湖北省,4201.0,武汉市,420114.0,蔡甸区,湖北省武汉市蔡甸区千子山大道普洛斯物流园（永辉常温库大仓),114.0395834,30.45444369,,0.0,,,0.0,admin,2025-08-18 16:15:45,admin,2025-08-19 10:35:19
390,AJ25081816154500392,0,0,0,0,3.15,1256.3,109,0,,,,,,,,,,42.0,湖北省,4201.0,武汉市,420114.0,蔡甸区,湖北省武汉市蔡甸区千子山大道普洛斯物流园（永辉常温库大仓),114.0395834,30.45444369,,0.0,,,0.0,admin,2025-08-18 16:15:45,admin,2025-08-19 10:35:19
391,AJ25081816154500393,0,0,0,0,12.07,1579.5,306,0,,,,,,,,,,42.0,湖北省,4201.0,武汉市,420114.0,蔡甸区,湖北省武汉市蔡甸区九康大道96号（武桥重工梅洛特物流园）,114.05366,30.47552067,,0.0,,,0.0,admin,2025-08-18 16:15:45,admin,2025-08-19 10:35:19
392,AJ25081816154500394,0,0,0,0,0.56,100.5,15,0,,,,,,,,,,42.0,湖北省,4201.0,武汉市,420114.0,蔡甸区,湖北省武汉市蔡甸区九康大道96号（武桥重工梅洛特物流园）,114.05366,30.47552067,,0.0,,,0.0,admin,2025-08-18 16:15:45,admin,2025-08-19 10:35:19
393,AJ25081816154500395,0,0,0,0,0.09,69.5,10,0,,,,,,,,,,42.0,湖北省,4201.0,武汉市,420112.0,东西湖区,武汉市东西湖区惠安大道559号汉欧国际物流园3号4号库,114.0681322,30.61835194,,0.0,,,0.0,admin,2025-08-18 16:15:45,admin,2025-08-19 10:35:19
394,AJ25081816154500396,0,0,0,0,0.77,91.5,20,0,,,,,,,,,,42.0,湖北省,4201.0,武汉市,420112.0,东西湖区,武汉市东西湖区惠安大道559号汉欧国际物流园3号4号库,114.0681322,30.61835194,,0.0,,,0.0,admin,2025-08-18 16:15:45,admin,2025-08-19 10:35:19
395,AJ25081816154500397,0,0,0,0,0.97,498.58,98,0,,,,,,,,,,42.0,湖北省,4201.0,武汉市,420112.0,东西湖区,武汉市东西湖区惠安大道559号汉欧国际物流园3号4号库,114.0681322,30.61835194,,0.0,,,0.0,admin,2025-08-18 16:15:45,admin,2025-08-19 10:35:19
396,AJ25081816154500398,0,0,0,0,1.1,226.0,33,0,,,,,,,,,,42.0,湖北省,4201.0,武汉市,420112.0,东西湖区,武汉市东西湖区惠安大道559号汉欧国际物流园3号4号库,114.0681322,30.61835194,,0.0,,,0.0,admin,2025-08-18 16:15:45,admin,2025-08-19 10:35:19
397,AJ25081816154500399,0,0,0,0,0.44,224.46,26,0,,,,,,,,,,42.0,湖北省,4201.0,武汉市,420112.0,东西湖区,武汉市东西湖区惠安大道559号汉欧国际物流园3号4号库,114.0681322,30.61835194,,0.0,,,0.0,admin,2025-08-18 16:15:45,admin,2025-08-19 10:35:19
398,AJ25081816154500400,0,0,0,0,2.96,1253.45,126,0,,,,,,,,,,42.0,湖北省,4201.0,武汉市,,江夏区,湖北省武汉市江夏区庙山大道普洛斯物流园二期,114.3797389,30.35780415,,0.0,,,0.0,admin,2025-08-18 16:15:45,admin,2025-08-19 10:35:19
399,AJ25081816154500401,0,0,0,0,0.45,203.2,20,0,,,,,,,,,,42.0,湖北省,4201.0,武汉市,,江夏区,湖北省武汉市江夏区庙山大道普洛斯物流园二期,114.3797389,30.35780415,,0.0,,,0.0,admin,2025-08-18 16:15:45,admin,2025-08-19 10:35:19
400,AJ25081816154500402,0,0,0,0,1.4,590.95,56,0,,,,,,,,,,42.0,湖北省,4201.0,武汉市,,江夏区,湖北省武汉市江夏区庙山大道普洛斯物流园二期,114.3797389,30.35780415,,0.0,,,0.0,admin,2025-08-18 16:15:45,admin,2025-08-19 10:35:19
401,AJ25081816154500403,0,0,0,0,1.18,518.5,46,0,,,,,,,,,,42.0,湖北省,4201.0,武汉市,,江夏区,湖北省武汉市江夏区庙山大道普洛斯物流园二期,114.3797389,30.35780415,,0.0,,,0.0,admin,2025-08-18 16:15:45,admin,2025-08-19 10:35:19
402,AJ25081816154500404,0,0,0,0,6.13,3138.15,268,0,,,,,,,,,,42.0,湖北省,4201.0,武汉市,,江夏区,湖北省武汉市江夏区庙山大道普洛斯物流园二期,114.3797389,30.35780415,,0.0,,,0.0,admin,2025-08-18 16:15:45,admin,2025-08-19 10:35:19
403,AJ25081816154600405,0,0,0,0,14.01,6059.4,538,0,,,,,,,,,,42.0,湖北省,4201.0,武汉市,,江夏区,湖北省武汉市江夏区庙山大道普洛斯物流园二期,114.3797389,30.35780415,,0.0,,,0.0,admin,2025-08-18 16:15:46,admin,2025-08-19 10:35:19
404,AJ25081816154600406,0,0,0,0,0.91,384.15,45,0,,,,,,,,,,42.0,湖北省,4201.0,武汉市,,江夏区,湖北省武汉市江夏区庙山大道普洛斯物流园二期,114.3797389,30.35780415,,0.0,,,0.0,admin,2025-08-18 16:15:46,admin,2025-08-19 10:35:19
405,AJ25081816154600407,0,0,0,0,0.19,27.0,3,0,,,,,,,,,,42.0,湖北省,4201.0,武汉市,420107.0,青山区,1005沿港路购物广场武汉市青山区沿港路86344873,114.4100026,30.64072179,,0.0,,,0.0,admin,2025-08-18 16:15:46,admin,2025-08-19 10:35:19
406,AJ25081816154600408,0,0,0,0,2.23,551.7,43,0,,,,,,,,,,42.0,湖北省,4201.0,武汉市,420107.0,青山区,友谊大道与建设二路交汇处,114.3884981,30.62372324,,0.0,,,0.0,admin,2025-08-18 16:15:46,admin,2025-08-19 10:35:19
407,AJ25081816154600409,0,0,0,0,0.05,9.52,1,0,,,,,,,,,,42.0,湖北省,4201.0,武汉市,420103.0,江汉区,1077常青路购物广场武汉市江汉区常青路168号85575089,114.2462835,30.63196821,,0.0,,,0.0,admin,2025-08-18 16:15:46,admin,2025-08-19 10:35:19
408,AJ25081816154600410,0,0,0,0,0.16,20.64,2,0,,,,,,,,,,42.0,湖北省,4201.0,武汉市,420104.0,硚口区,1004古田路购物广场武汉市硚口区解放大道48号83832470,114.2065993,30.60083717,,0.0,,,0.0,admin,2025-08-18 16:15:46,admin,2025-08-19 10:35:19
409,AJ25081816154600411,0,0,0,0,0.4,50.32,7,0,,,,,,,,,,42.0,湖北省,4201.0,武汉市,420104.0,硚口区,1004古田路购物广场武汉市硚口区解放大道48号83832470,114.2065993,30.60083717,,0.0,,,0.0,admin,2025-08-18 16:15:46,admin,2025-08-19 10:35:19
410,AJ25081816154600412,0,0,0,0,1.97,442.93,37,0,,,,,,,,,,42.0,湖北省,4201.0,武汉市,420114.0,蔡甸区,武汉市蔡甸区奓山大道市场一号,114.0245764,30.45850651,,0.0,,,0.0,admin,2025-08-18 16:15:46,admin,2025-08-19 10:35:19
411,AJ25081816154600413,0,0,0,0,0.04,7.95,1,0,,,,,,,,,,42.0,湖北省,4201.0,武汉市,420113.0,汉南区,1071汉南购物广场武汉市汉南区汉南大道580号84853516,114.091519,30.31749112,,0.0,,,0.0,admin,2025-08-18 16:15:46,admin,2025-08-19 10:35:19
412,AJ25081816154600414,0,0,0,0,0.38,56.88,6,0,,,,,,,,,,42.0,湖北省,4201.0,武汉市,420114.0,蔡甸区,1037蔡甸购物湖北省武汉市蔡甸区汉阳大街470号,114.0343294,30.58829316,,0.0,,,0.0,admin,2025-08-18 16:15:46,admin,2025-08-19 10:35:19
413,AJ25081816154600415,0,0,0,0,0.04,5.98,1,0,,,,,,,,,,42.0,湖北省,4201.0,武汉市,420113.0,汉南区,1071汉南购物广场武汉市汉南区汉南大道580号84853516,114.091519,30.31749112,,0.0,,,0.0,admin,2025-08-18 16:15:46,admin,2025-08-19 10:35:19
414,AJ25081816154600416,0,0,0,0,0.03,12.0,1,0,,,,,,,,,,42.0,湖北省,4201.0,武汉市,420114.0,蔡甸区,武汉市蔡甸区奓山大道市场一号,114.0245764,30.45850651,,0.0,,,0.0,admin,2025-08-18 16:15:46,admin,2025-08-19 10:35:19
415,AJ25081816154600417,0,0,0,0,0.37,154.35,12,0,,,,,,,,,,42.0,湖北省,4201.0,武汉市,420112.0,东西湖区,武汉市东西湖区十八支沟,114.0881189,30.63116859,,0.0,,,0.0,admin,2025-08-18 16:15:46,admin,2025-08-19 10:35:19
416,AJ25081816154600418,0,0,0,0,0.02,10.7,4,0,,,,,,,,,,42.0,湖北省,4201.0,武汉市,420102.0,江岸区,武汉市江岸区黄浦大街218号,114.3075614,30.62373763,,0.0,,,0.0,admin,2025-08-18 16:15:46,admin,2025-08-19 10:35:19
417,AJ25081816154600419,0,0,0,0,0.02,5.58,1,0,,,,,,,,,,42.0,湖北省,4201.0,武汉市,420112.0,东西湖区,湖北省武汉市东西湖区环湖中路170东南方向130米,114.2302976,30.66705748,,0.0,,,0.0,admin,2025-08-18 16:15:46,admin,2025-08-19 10:35:19
418,AJ25081816154600420,0,0,0,0,0.26,24.87,4,0,,,,,,,,,,42.0,湖北省,4201.0,武汉市,420102.0,江岸区,1044黄浦路购物广场武汉市江岸区黄埔大街218号82880881,114.3123908,30.62143131,,0.0,,,0.0,admin,2025-08-18 16:15:46,admin,2025-08-19 10:35:19
419,AJ25081816154600421,0,0,0,0,0.03,12.0,1,0,,,,,,,,,,42.0,湖北省,4201.0,武汉市,420102.0,江岸区,武汉市江岸区黄浦大街218号,114.3075614,30.62373763,,0.0,,,0.0,admin,2025-08-18 16:15:46,admin,2025-08-19 10:35:19
420,AJ25081816154600422,0,0,0,0,0.05,5.9,1,0,,,,,,,,,,42.0,湖北省,4201.0,武汉市,420103.0,江汉区,1001唐家墩购物广场武汉市江汉区新华下路422号85607726,114.2774041,30.62655493,,0.0,,,0.0,admin,2025-08-18 16:15:46,admin,2025-08-19 10:35:19
421,AJ25081816154600423,0,0,0,0,0.74,336.9,27,0,,,,,,,,,,42.0,湖北省,4201.0,武汉市,420103.0,江汉区,武汉市江汉区新华下路422号,114.272879,30.63476614,,0.0,,,0.0,admin,2025-08-18 16:15:46,admin,2025-08-19 10:35:19
422,AJ25081816154600424,0,0,0,0,1.39,580.15,50,0,,,,,,,,,,42.0,湖北省,4201.0,武汉市,420102.0,江岸区,武汉市江岸区黄浦大街218号,114.3075614,30.62373763,,0.0,,,0.0,admin,2025-08-18 16:15:46,admin,2025-08-19 10:35:19
423,AJ25081816154600425,0,0,0,0,0.08,10.46,1,0,,,,,,,,,,42.0,湖北省,4201.0,武汉市,420112.0,东西湖区,1140吴家山逸天地店武汉市东西湖区三秀路396号1层怡华逸天地店,114.1504809,30.63593932,,0.0,,,0.0,admin,2025-08-18 16:15:46,admin,2025-08-19 10:35:19
424,AJ25081816154600426,0,0,0,0,24.14,3187.07,375,0,,,,,,,,,,,,,,,,,,,,,,,,,,,
